0	auoir troue fait elle. 	auoir trouue 	0
1|2	si li conte toute sauenture |si com li contes la retrait cha en arriere. 	si luy compte toute son auanture 	1
3	Tant que il connoist bien 	tant quil cengnoit bien 	2
4	quele le quiert. 	que cest celle 	3
5	Mais pour le courous 	qui le quiert/ 	4
6|7	quil a del senescal. |ne se volt il faire aconnoistre. 	Mais pour le couroust quil a du sencchal et de sa mort ne se uoult faire congnoistre/ 	5
8|9	Ains li respont. |Certes damoisele le cheualier 	mes leur respont certes damoiselle 	6
10	qui porte blanches armes ne connois iou mie. 	ie ne cengnois mie le cheualier |qui porte les blances armes. 	7|8
11	Enon dieu sire fait elle 	En nen dieu fait elle 	9
12	che poise moi moult durement. 	il me poyse monlt chierement. |A donc sen part 	10|11
		et ne uoult plus parler 	12
13|14	Lors le commande a dieu |et puis sen part de li 	il la commandee a dieu et sen ua. 	13
15	et cheuauche en tel maniere iusques a tierce. 	et cheuauche iusques a tierce eustes onques pitie de nulle gentille dane aies 	14
16|17	Tant que il vint a lissue de la forest. |et torne a destre en vn petit chemin viez 	tant quil uint a lissue de la forest et il tourna a destre uers ung petit chemyn uieil: 	15
18	Si ne demora gaires 	si ne demoura gueres 	16
19	quil vint en vne moult grant ualee 	quil uint en une uallee/ 	17
20	ou il couroit vne aigue grant et roide et parfunde. 	ou il couroit une eau monlt roidde |la quelle estoit grande et parfonde/ 	18|19
21	mais il ni troeue ne pont ne passage. 	et ne treuue ne pont ne planche par ou il puisse passer. 	20
22	Et il regarde de lautre part de laigue 	Sy regarde de laultre part de leaue 	21
23	si y uoit. j. castel moult bien seant. clos de mur bateillie tout entor a la reonde. 	et uoit ung beau chastel monlt bien seant et bien cloz de muraille tout entour. 	22
24	Il regarde le chastel grant piece 	Il regarde le chastel grant pieche 	23
25	dont la fachons li plaisoit moult a regarder. 	car monlt luy plaisoit a uoir/ 	24
26	puis sen torne contremont la riuiere 	puis sen tourne contre ual la riuiere 	25
27	pour sauoir 	pour scauoir 	26
28	se il troueroit ne pont ne gue. 	sil pouroit trouuer ne pont ne gue par le quel il puisse passer/ 	27
29	mais il ni trueue nul passage. 	mes il nen truue point. 	28
30	Et quant il voit chou 	Et il uoit ce 	29
31|32	si ne set |que faire quar retorner 	si ne scait que faire/ 	30
33	ne volroit il en nulle maniere. 	car retourner ne uoulloit pas. 	31
34	Lors uoit issir del castel vne damoisele toute nue en sa chemise. 	A tant uoit yssir une damoiselle du chastel |la quelle estoit toute nue en sa chemise/ 	32|33
35	si le menoient. iiij. ribaut moult felenessement 	sy la menoient quatre ribaulx monlt felonneusement 	34
36	et tenoit Cascuns en sa main. i. coutel trenchant. 	et tenoient chascun en sa main ung coustel trenchant. 	35
37	Et elle crioit 	Et la damoiselle crioit 	36
38	quamque elle pooit por chiaus 	tant comme elle pouoit pour la laidure et honte 	37
39	qui li faisoient tel laidure. 	que telx ribaulx luy faisoient/ 	38
40	quar il lenmenoient tot contreual la riuiere batant 	et la menoient batant contre ual la riuiere. 	39
41	Et quant elle vit le cheualier de lautre part de laigue. 	Et quant la damoyselle uoit le cheualier de lautre coste de la ry/ 	40
42	si li commenche a crier. 	uiere commenca a crier et dire en tell maniere 	41
43	Ha : gentils homs quar secoures ceste damoisele 	Haa beau et gentil cheualier secoures ceste damoiselle 	42
44	que cist ribaut voelent ochirre. 	que ces ribaulx ueullent occire/ haa franc homme 	43
45	Pour dieu ne mi laissies ore mie morir. 	fait elle me lesres uous ainsi mourir entre les mains de telx paillars. 	44
46	se vous eustes onques pitie de nulle damoisele ne de nulle gentil dame 	et se uous pitie de moy |car se uous ne me secoures ie suys a la mort liurer. 	45|46
47	Quant bohors oy 	Et quant boort ouyt 	47
48	que la damoisele li prioit si piteusement de li secorre 	quelle le prioit si piteusement 	48
49	si One sot 	si ne scait que faire 	49
50	que faire quar volentiers li alast aidier sil peust estre 	car uoulentiers luy allast aider |se il peult estre/ 	50|51
51	mais il voit laigue parfonde et perillouse et noire. 	mes il uoit la riuiere parfonde et dangereuse a passer. 	52
52	si quide bien morir 	et scait bien sil entre dedens 	53
53	se il si met 	qu il se met en peril de mort. 	54
54	Et dautre part voit il cels 	Et daultre part il uoit celle 	55
55	qui si piteusement li crie merci. 	qui si piteusement fui crie mercy. 	56
56	si len prent tele pities 	Si luy en prent telle pitie 	57
57	quil en laisse toute paour 	quil en laisse toute paour 	58
58	et met le signe de la vraie crois en mi son front et en mi son pis. 	et fait le signe de la croix deuant son uisaige 	59
59	puis enbrace son escu 	puys embrache son escu 	60
60	et fiert le cheual des esperons 	et fiert son cheual des esperens 	61
61	et se lance en laigue. 	et se lanche dedens leaue tout erraument: 	62
62	Et li cheuaus commence a noier: 	et le cheual commence a noer si tost 	63
63	si tost quil a terre perdue. 	quil eust terre perdue. 	64
64	si lenporte de lautre part a grant paine 	et sen passe le cheual iusques de laultre part de leaue 	65
65	mes aincois ot beu de laigue li vns et li autres. 	mes ce fust a grant paine |car ains quilz feussent passes beurent de leaue lun et laultre 	66|67
66	Et se li cheuaus ne fust si boins noie fussent ambedui 	et se le cheual neust este fort et bon ilz feussent noyes et lun et laultre 	68
67	Car li cheualiers estoit pesans pour lez armes 	car le cheualier estoit fort pesant pour les armes 	69
68	quil auoit uestues 	quil auoit uestues. 	70
69|70	si en fu moult en peril. . |uant bohors ot passe laigue pour la damoisele secorre 	Quant il fut de lautre part de leaue 	71
71	ainsi que vous poes oir. 		
72	si ne descendi mie ains cort sus a chiaus 	si ne descendist oncques ains courust uers ceulx 	72
73	qui la damoisele tenoient 	qui la damoiselle tenoient: 	73
74	si fiert le premier quil encontre si durement 	et fiert tellement le premier quil encontre 	74
75	quil li met le glaiue parmi le cors 	qu il lui met le glauie parmy le corps 	75
76	si labat a la terre. 	si labat a terre 	76
77|78	Et li autre senfuient pour chou |que desarme estoient. 	et les autres se met tent en fuite. 	77
79	Et la damoisele 	La damoiselle 	78
80	qui deliure se uoit. 	qui deliuree se sent 	79
81	se met maintenant a genouls deuant bohort 	se met a genoulx deuant lui 	80
82	et dist. ha: 	et lui dit. 	81
83|84	gentiex cheualiers de dies oess vous beneois |quar vous maues de mort rescousse. 	Haa gentil cheualier de dieu soiez uous benoit: 	82
85	Et aoures en soit diex 		
86|87	quant il ceste part vous amena. |Car cist glouton meussent morte 	car ces gloutens me eussent occiz 	83
88	se vous ne fuissies. 	se ne feussez uous. 	84
89|90	Damoisele ce dist bohors |pourcoi vous voloient il mal faire 	Damoiselle fait il pour quoy. 	85
91	Sire fait elle iou le vous dirai bien. 	Sire fait elle ie le uous diray 	86
92	mais que vous maies mise a sauuete 	mais que uous me aiez mise a sauuete. 	87
93	Comment fait il aues vous encore paour. 	Comment fait il auez uous donc paour. 	88
94	Sire fait elle ia asseuree ne serai 	Sire fait elle ia seure ne seray 	89
95	tant que iou y sache le seignor del chastel : 	tant que ie sache leans le seigneur de ce chasteau/ 	90
96|97	quar cest li plus fel cheualiers del monde |et li plus desloiaus. 	car cest le plus fel cheualier du monde et le plus cruel 	91
98	ches paroles voient. j. cheualier issir du castel. 	Ces parolles uoient issir ung cheualier du chasteau: 	92
99	Et la ou il voit bohors. 	et la ou il uoit boort 	93
100	si li escrie dans cheualiers laissies ester la damoisele 	il lui escrie. 	94
101|102	quar vous ne lenmenrois pas |et par mon chief mar le rescousistes 	Cheualier laissez la damoiselle et par mon chief mal la rescouistes. 	95
103|104	quar vous le comperres |se iou puis moult chier. 	Boort lentent 	96
105	Et quant bohors lentent si point vers lui 	si lui court 	97
106|107	quanque il pot del cheual traire le glaiue alongie |quil auoit trait del cors a celui quil auoit ochis. 	tant qu il peut du cheual traire le glaiue allongnie 	98
108	Si fiert celui si durement 	et le fiert si durement 	99
109	quil labat a terre si estordi 	quil labat a terre si estourdy 	100
110|111	quil not pooir de lui releuer. |Ains iut illueques tous pasmes 	qu il na pouoir de soy releuer: 	101
112|113	quar il cai si felenessement |que a poi que la canoele del col ne li est brisie. 	et booit lui ua par dessus le col a cheual 	102
114	Et bohors li uait tout a cheual par desus le cors 		
115	Si que tout le debrise. 	tant que tout le debrise. 	103
116	Et lors est la damoisele si lie 	Et boort a tant la damoiselle esiouye 	104
117	que plus ne puet. 	que elle ne peut plus: 	105
118	Si dist a bohort 	et dit a boort. 	106
119	sire nous nauons hui mes garde. 	Sire nous nauons mes garde: 	107
120	Car iou quit quil ni a plus de cheualiers laiens que cestui. 	car ie ne cuide point |qu il y ait plus de cheualiers leans 	108|109
121|122	Si vous dirai |ce que vous me denmandastes. 	que cestui si uous diray seurement 	110
123|124	ore le me dites |dont fait bohors. 	ce que uous mauez demande. 	111
125	Par foy sire fait elle entre moi et. i. cheualier 	Par ma foy fait elle moy et ung cheualier 	112
126	qui mes amis estoit cheualchiemes parmi chest chastel. 	qui mon amy estoit cheuauchions parmi cest chasteau. 	113
127	Et quant li freres a celui 	Et quant le frere de celui 	114
128|129	qui vous aues abatu me uit. |si me volt auoir et prendre par force 	que uous auez abatu me uist si me uoulut auoir et prendre a force: 	115
130	quar il mauoit lonc tamps amee. 	car il me auoit longuement aymee. 	116
131	Si me prist au frain 	Il print mon cheual 	117
132	et men volt mener a force. 	et men uoulut mener a force: 	118
133	Mais mes anis se combati a lui 	mais mon amy se combatist a lui 	119
134|135	tant quil locist. |Et quant chils cheualiers 	tant qu il loccist. 	120
136|137	que vous uees |chi vit son frere mort. 	Et quant celui que uous uoiez cy uist son frere mort 	121
138	si fist mon ami prendre par force de vilains. 	il fist mon amy prendre par force de gens et de uillains/ 	122
139|140	et locist por uengance de son frere |quil auoit ochis. 	et loccist en uengance de son frere 	123
141	Et dist 	et dist 	124
142	quil se vengeroit de moi sans main metre. 	quil se uengeroit de moy sans main mettre. 	125
143	et me fist tantost prendre a ches. iiij. ribaus 	Si me fist prendre par ces quatre ribaulx 	126
144	que vous ueistes ore. 	que uous auez ueu 	127
145	et lor commanda 	et leur commanda 	128
146	quil me noiassent. 	quilz me noyassent/ 	129
147|148	Car par armes dist |il ne voeil iou mie 	car par armes ne uueil ie pas 	130
149	que elle muire. 	que elle meure.	131
150	Si me menoient 	Si me emmenoient ainsi 	132
151	ensi com vous ueistes por noier 	comment uous auez ueu pour noyer 	133
152	quant vous me uenistes rescorre par la volente de dieu et la vostre. 	quant uaus me uenistes secourir par la uoulente de dieu et par la uostre. 	134
153	vous ai conte mon errement 	Or uous ay toute compte |ma fortune/ si uouldroie se uostre uoulente 	135|136
154	si volroie 	y estoit 	137
155	se vostre volentes 		
156|157	y estoit que vous me metissies a sauuete. |En vn mien castel 	que uous me menissez a sauuete en ung mien chasteau 	138
158	qui est pres de chi. volentiers fait il 	qui est cy pres. |Voulentiers dit il. 	139|140
159	et il le prent maintenant par les bras 	et il la prent par le bras 	141
160|161	et le met sor le col de son cheual. |et met son escu derriere son dos. 	et puis la met sur le col de son cheual/ si a iecte son escu derrier son dos: 	142
162	si sen torne cele part ou la damoisele lenseigne 	et puis tourne celle part |la ou la damoiselle lui enseigne 	143|144
163	Tant que chou vint apres miedi 	tant que uint aprez 	145
164	que il virent deuant euls vn moult bel castel. 	midy que ilz uirent deuant eulx ung moult beau chasteau: 	146
165	Et lors ataingnent. ij. escuiers a lentree dun boskel 	et lors attaignent deux escuiers a lentree de ung petit boix 	147
166	et portoit cascuns venison torsee derriere lui. 	et portoit chacun uenoisen derrier lui troussee. 	148
167	Et quant il voient la damfolisele 	Et quant ilz uirent la damoiselle 	149
168	si descendent a pie 	ilz descendirent a pie 	150
169	et li font si grant ioie 	et lui firent si grant henneur et si grant ioye 	151
170	comme a celui 	comme a celle 	152
171	qui lor dame estoit. 	qui leur dame estoit: 	153
172	mais moult sesmerueillent 	mais moult se merueillent 	154
173	de ce quil la voient plorer. 	de ce qu ilz la uoient plourer: 	155
174	si li demandent 	si demandent 	156
175	que elle a. 	que elle a. 	157
176	Et elle lor conte 	et elle leur compte 	158
177	comment sez amis auoit este ochis. 	comment son amy auoit este occy/ 	159
178	et iou meisme eusse este ochise. 	et moy mesmes eusse este occie 	160
179	se ne fust cils frans cheualiers 	se ne feust ce franc cheualier 	161
180|181	qui par Sa debonairete ma rescousse. |et se mist en peril de mort pour moi sauuer. 	qui par sa debonnairete ma rescousse et sest mis en peril de mort pour moy sauuer. 	162
182	Et lors conseilla elle a. j. de ses escuiers 	Et lors elle parle a conseil a ung des escuiers 	163
183	Et cil destorse tout maintenant sa venison 	et celui se destrousse maintenant de sa uenoison 	164
184	et le baille a porter a son compaignon 	et la baille a porter a son compaignon 	165
185	et sen vait vers le castel 	et sen ua uers le chasteau 	166
186	quanque il pot del ronchi traire. 	tant quil peut courir atout son roussin. 	167
187	Et bohors demande a la damoisele 	Et boort demande a la damoiselle 	168
188	comment li castiaus auoit non 	comment le chasteau auoit nom 	169
189	ou ses amis auoit este ochis. 	ou son amy auoit este occy. 	170
190	Sire fait elle il a a non Galdon:. 	Sire fait elle il a nen galdon/ 	171
191	Et laigue ou vous passastes a a non Galide. 	et leaue ou uous passastes a nom galide. 	172
192	Ensi sen vont parlant 	Ainsi sen uont parlant ensemble boort et la damoiselle 	173
193	tant quil sont venu pres del chastel. 	tant que ilz sont uenus prez du chasteau 	174
194	si le voient moult bel et moult fort 	si le uoient beau et fort 	175
195	et moult bien seant. 	et moult bien seant. 	176
196	Et quant il furent monte le tertre. 	Et quant ilz sont montez le tertre 	177
197	si voient issir dames et damoiseles a grant plente 	si uirent dames et damoiselles a grant plante 	178
198	dont lez vnes dansoient et lez autres karoloient 	dent les unes dansoient |et les autres deuisoient 	179|180
199|200	et baloient |et gieuent de diuers ius. 	et les autres iouoient de diuers ieux. 	181
201	Si estoient toutes vestues trop richement. 	si estoient toutes uestues moult richement/ 	182
202	Et auec elles venoient cheualier iussPtis elques a. X. 	et auec elles uenoient des cheualiers iusques a dix 	183
203	qui menoient la plus grant ioie. 	qui faisoient moult grant ioye. 	184
204	et dient a bohort. 	Et quant ilz uirent boort 	185
205	Sire bien veignies vous soi tous lez hommes del monde. 	si lui crierent tous. |Bien uiengniez uous 	186|187
206	qui nostre dame aues rescousse de mort. 	qui nostre dame auez rescousse de mort 	188
207	et deliuree des mains a sez anemis. 	et deliuree des mains de ses ennemis. 	189
208	Et lors font descendre la damoisele 	Et lors font descendre leur dame 	190
209	et lui auekes 	et lui auec. 	191
210	si ne porroit nus conter la grant ioie 	Si ne pourroit nul homme compter la grant ioye 	192
211	qui li fu faite EN tele ioie et en tele feste 	qui leur fut faicte.	193
212|213	com vous oliles enmenerent bohort en vne moult bele sale. |et les tables furent mises 	A telle ioye menerent boort au pallais. 	194
214	si alerent mangier. 		
215|216	Et quant il orent mangie. |La damoisele demanda bohort 	Et quant ilz eurent mengie la damoiselle lui demanda 	195
217	comment il auoit non. 	comment il auoit nom. 	196
218	Et il li dist 	Et il respendist 	197
219	quil auoit non bohors li escillies. 	quil auoit nom boort le essillie 	198
		et si estoit cousin germain de lancelot du lac. 	199
220	Et vous dame fait il 	Et uous dame 	200
221	comment est vostres nons. 	quel est uostre nom. 	201
222	Sire fait elle iou ai a non benigne de Glochedon. 	Sire fait elle iay nom benigne de glacedon. 	202
223	Et ensi a a non chis chastiaus. 	et ce chasteau cy |ou nous sommes a aussi nom glacedon. 	203|204
224	A ches paroles 	ces parolles 	205
225	quil disoient es vous vn escuier 	quilz disoient uecy ung escuyer 	206
226	qui laiens entra. 	qui entra leans 	207
227|228	si sagenoille deuant la damoisele |et l dist. 	si se agenoille de uant la damoiselle dame 	208
229|230	Dame : |la dame de hongrefort vous salue. 	fait il madame de honguesfort uous sallue 	209
231	et vous mande 	et uous mande 	210
232|233	que elle veult anuit herbergier o vous. |Et quant cele lentent si saut sus. si ioieuse 	que elle se ueult ennuyt logier auec uous.	211
234	et si lie que nulle plus. 	Et quant celle lost 	212
235	Si demande a lescuier 	si demande a lescuyer 	213
236	ou elle est. 	ou elle est dame 	214
237	Dame ce dist cil a demie lieue pres de chi. 	fait il a demye lieue de cy/ 	215
238|239	Lors fait maintenant sa sele mettre |et dist 	et elle mente sur son cheual auec quatre cheualiers et quatre escuyers 	216
240|241	que elle yra encontre li. |Si monte maintenant et vi. cheualier aueques li. et. iiij. escuiers. 	pour aller a lencontre de la dame 	217
242	Et si laisse auec bohort. iiij. cheualiers 	et si laisse quatre cheualiers auec boort 	218
243|244	por lui faire compaignie |et puis sen ist de laiens. 	pour luy faire compagnie mes boort 	219
245	Et bohors 		
246|247	qui lez noueles ot entendues de la dame de hongrefort, |ne set que faire quar bien set 	qui les nouuelles a entendues de la dane de honguesfort ne scait que faire 	220
248	que elle le connistra. 	si pense longuement 	221
249	Et chou ne voldroit il pas. 	car il ne ueult pas estre congneu 	222
250|251	si pense a cheste chose moult longement. |Et quant il ot pense 	et quant il a longuement pen 	223
252	si se lieue en son estant 	se si se lieuue en son estant 	224
253	si demande sez armes. 	et demande ses armes. 	225
254	Sire font cil 	Sire sont ceulx 	226
255|256	qui aueques lui estoient |pourcoi vous voles vous armer. 	qui auec luy estoient pour quoy les demandes uous ie me uueil 	227
257	Iou me voel fait il aler esbatre iusken cel bosket. 	fait il armer |pour moy aller esbatre iusques en ce bochel 	228|229
258	si reuendrai maintenant. 	mes ie reuendray tantost/ 	230
259	Et cil nosent son commandement refuser. 	et ceulx nosent reffuser son commandement 	231
260	Si li aportent sez armes. 	lors luy apportent ses armes 	232
261	Et il sen arme. 	et quant il fust arme 	233
262|263	puis monte sor son cheua |et se part de laiens 	si sen part de le ans par la posterne uers ung petit bosc 	234
264	et ne veult 	et ne ueult 	235
265	que nus li face compaignie 	que nul luy face compagnie. 	236
266	Et quant il est vn petit eslongies 	Et quant il est ung pou eslongnie 	237
267	si sen torne vers vne haute forest. 	il tourne uers une forest grande et espesse 	238
268	quil vit haute et espesse 	si fiert des esperons 	239
269|270	et sen vait au ferir des esperons |et se fiert en la forest 	et sen entra dedens et cheuaucha 	240
271	tant quil si anuite. 	tant que la nuyt uint. 	241
272	Lors oy vne cloche sonner. 	Il ouyt une cloche sonner 	242
273	et sot bien tantost 	si pense tantost 	243
274	que ce estoit vns hermitages. 	que cest ung hermitage. 	244
275	si torne cele part. 	il sen alla celle part 	245
276	et descent a luis et apele. 	et puys frappa a luys/ 	246
277	Et hermites le rechoit a bele chiere. 	et lermite le rechoit a belle chere 	247
278	et le desarme il meismes. 	et le desarma 	248
279	et puis vait coillir de lerbe pour le cheual 	et puys cueillit de lerbe uerte pour le cheual 	249
280	et fait le lit au cheualier, 	et fist le lyt au cheualier. 	250
281|282	Nsi est remes bohoors chies le prodomme. |Et la damoisele de Glochedon tcheualche 	Insi est boort demoure auec lermite et la damoiselle de glacedon 	251
283|284	tant que elle encontre cele de hongrefort. |si sentrefont moult grant ioie. 	a tant alle quelle encentra celle de honguesfort/ si sentresalluerent. 	252
285|286	Si sesmerueille moult cele de glochedon. |quant elle voit sa cousine ensi atornee et toute sa maisnie. 	Et quant celle de glacedon uoit sa cousine et toute sa mesgnie ainsi atournee 	253
		elle sen merueille monlt 	254
287	Si li demande locoison. 	sy lui demande lachoison 	255
288	Et elle li conte lauenture de chief en chief 	et celle luy compte toute la uerite 	256
289	Et dist 	et dist 	257
290	que iamais ne finera desrer. 	que iamaiz ne finera de errer iusques 	258
291	deuant que elle aura troue le cheualier. 	a tant quelle aura trouue le cheualier/ |et sachiez belle cousine 	259|260
292	Car cest li plus biaus et li mieudres 	que cest le plus beau et le meilleur 	261
293|294	que iou onques veisse. |et si est iouenes enfes 	que ie ueisse on ques et sy est encore ione enfant/ 	262
295	Si ai tel doel 	si ay tel deul 	263
296	quant il me membre de la vilonnie 	quant il me souuient de la uillanie 	264
297	que iou li fis 	que ie luy feiz 	265
298	que a poi que li cuers ne me part del uentre. 	que a pou que le cueur ne me part du uentre. 	266
299	Enon dieu bele cousine fait cele de glochedon 	Eu nom dieu belle cousine fait celle de glacedon/ 	267
300	sil vous est auenue bele auenture 	sy uous est aduenu belle auanture/ 	268
301	elle ne mest mie auenue mains bele. 	il ne men est pas aduenue une moins belle. 	269
302	Si li conte 	Sy luy compte tout ainsi 	270
303	comment il li estoit auenu. 	comment il luy estoit aduenu/ 	271
304	Et li dist 	et dist 	272
305	que elle auoit le cheualier herbergie 	quelle auoit herbegie le cheualier/ 	273
306	mais bien sachies 	et uous dys bien 	274
307	que cest li plus biaus cheualiers del monde. 	que cest le plus beau cheualier du monde/ 	275
308|309	et iouenes est il durement. |Si li deuise sa fachon et son grant. 	sy lui deuise sa facon 	276
310	Tant que a celer de hongrefort samble 	tant quil est aduiz a celle de honguesfort 	277
311	que che soit cils 	que cest celuy 	278
312|313	que elle quiert. |Si li est moult tart que elle le voie. 	quelle quiert/ si luy tarde quelle le uoie 	279
314	Si cheuauchent 	En telle magniere cheuauchent 	280
315	tant que elles sont uenues au castel 	tant quilz sont uenues au chastel |si decendent la damoiselle monlt hounourablement 	281|282
316	et puis montent el palais. 	et font grant ioye de celle de honguesford. |lors sont mentees au pallaiz 	283|284
317	Si denande la damoisele de laiens ou sez ostes estoit. 	si demande la damoiselle de leans |ou est son hoste/ 	285|286
318	Par foy dame font li cheualier de laiens 	deuray dirent les cheualiers de leans 	287
319	il sen va orendroit tous armes hors de chest chastel. 	Il sen ua orendroit tout seul arme hors de ce chastel 	288
320	mais il nous dist 	mes il nous dist 	289
321|322	quil reuendroit tantost. |ne onques pour nul pooir ne volt soffrir 	quil reuendroit tantost/ ne onques ne uolt souffrir 	290
323	que nus alast aueques lui. 	que nul allast auec luy 	291
324|325	Et quel part ala il fait elle. |Dame font il vers chest bosket. 	si a prins sen chemin uers ce bochel. 	292
326	Or tost fait elle montes 	Or tost dyt la dame montes 	293
327	si ales apres lui 	sy alles apprez luy 	294
328	si le me amenes arriere. 	et le ramenes arriere. 	295
329	LOrs sont monte tout li cheualier 	Lors montent tous les cheualiers 	296
330	et sont uenu au boskel 	et uiennent iusques au bochel 	297
331|332	et cerkent amont aual |mais le cheualier 	et le chercent ament et aual/ 	298
333	quil quierent ne poent trouuer. 		
334	Lors reuienent a lor dame 		
335|336	et li dient |que il ne seuent 	mais ne le peuent trouuer/ 	299
337|338	quil est deuenus. |Enon dieu fait elle 	Eu nen dieu fait elle 	300
339|340	ensi ne remandra il mie |Si monte et toute sa maisnie aueques li. 	il ne demoura pas ainsy si monte elle et sa mesgnie 	301
341	si com menchent a cerkier le bois de toutes pars 	et commencent a chercer le bochel de toutes pars |et prie aulx cheualiers 	302|303
342	mais che ne lor valut riens 	quilz le chersacent |mes ce ne leur ualust riens/ 	304|305
343	Car il nen pueent oir nulles enseignes vraies. 	car ilz nen porent ouyt nulle uraie enseigne. 	306
344	Et quant la damoisele voit chou. 	Quant elle uoit ce 	307
345	si sen retorne a son castel dolante et corouchie. 	si sen retoure en son chastel dollente et courroucee/ 	308
346	et conte a cele de hongrefort 	et compte a celle de henguesford 	309
347|348	comment sez ostes sen estoit partis de laiens |Puis demande a chiaus de laiens. 	comment son hoste sen est alle puys demande a ceulx de leans. 	310
349	Biau seignor 	Beaux seigneurs 	311
350|351	et quant se parti il de chaiens. |Dame ce dient cil 	quant sen parti il/ 	312
352	si tost comme se il vous en vit aler. 	par ma foy si tost |que uous feustes partie/ 	313|314
353	et dist 	et dist 	315
354	quil reuenroit tantost. 	quil reuendroit tantost. 	316
355	par foy fait elle gabe nous a . 	par ma foy dist la dame il nous a gabes. 	317
356	ors demande cele de hongrefort 	Lors demande celle de honguesford 	318
357	queles armes il portoit. 	quelles armes il portoit 	319
358	Et elle li deuise 	et elle luy deuise. 	320
359	Enon dieu fait elle iou le trouuai hui matin a lentree dune forest. 	Eu nom dieu fait elle ie le trouuay huy matin a lentree de une forest/ 	321
360|361	mais il ne portoit mie tels armes |comme cils 	mes il ne portoit mye telles armes come celuy 	322
362	que iou quier Bele cousine fait cele as de laiens. 	que ie quiers/ belle cousine fait celle de leans 	323
363	il lez puet bien auoir cangies. 	il les peult bien auoir changiez 	324
364	Et iou quit bien a mon escient 	et ie cuide bien a mon aduiz 	325
365	que che soit cil que vous queres 	que cest celuy 	326
366	Si vous pri 	que uous queres sy uous prie 	327
367	que vous me laissies aler aueques vous 	que me lessiez aller auecques uous 	328
368|369	tant que nous laions trouue. |Et lors si nous dira locoison 	tant que laurens trouue. 	329
370	pourcoi il a laissie mon ostel en tel maniere. 		
371	Il men est bel fait cele de hongrefort 	Il mest monlt bel dyt celle de honguesfort 	330
372	que vous y ueignies 	que uous uiengnies auec moy 	331
373	puis quil vous plaist. 	puis quil uous plaist. 	332
374	Ensi remestrent cele nuit laiens. 	ainsi demeurent la nuyt leans. 	333
375	et lendemain 	et au matin 	334
376	quant il virent le ior 	quant ilz uirent le iour 	335
377|378	sen alerent |et partirent del castel. 	si sen partirent du chastel 	336
379	et entrerent en la queste del cheualier 	et entrerent en la queste de leur cheualier. 	337
380	Mais ore laisse li contes a parler daus et de bohort 	Or lessons maintenant le compte de boors et des deux dames 	338
381	et retorne a parler de lancelot del lac. 	et retourons a parler de lancelot du lac 	339
382	si comme il entra en la forest de la sapine 	le quel est entre en la forest de la sapine. 	340
383	si comme li contes a deuise. 	Comment lancelot emporta le corps de gallehaut |que plusieurs cheualiers gardoient: 	341|342
384	Ne dist li contes 	et comment il rescouist la seur de meleagant |que len uouloit ardre iiii.xx. xiiii. 	343|344
385	que trop grant chaut fist celui ior 	Grant chault fist dit le compie le iour 	345
386	que lancelot fu entres en la forest de la sapine 	que lancelot fut entre en la sapinoie 	346
387	Et por chou ne remest il mie 	et pour ce ne demoura il pas 	347
388|389	quil ne cheualchast iusques a nonne |Si li auint 	quil ne cheuauchast iusques a uespres 	348
390|391	ensi quil nencontra ne homme ne femme iusques a uespres. |Mais lors sans faille 	sans rencentrer homme ne femme. 	349
392	si comme il dut issir de la forest 	Sicomme il deust issir dela forest 	350
393|394	si encontra vne damoisele |qui moult faisoit grant doel. 	il rencontra une damoiselle grant deul 	351
395|396	si cheualchoit vn moult riche palefroy |a vn moult cointe lorain 	faisant montee sur ung coincte pallefroy. 	352
397	et a vne sele dengletere 		
398	Il salue la damoisele 	Il salue la damoiselle 	353
399	et elle li rent son salut. 	et lui dit. 	354
400	Damoisele fet il 	Dame dictes moy 	355
401|402	sil vous plaisoit iou sauroie volentiers |pourcoi vous plores. 	pour quoy uous plourez sil uous plaist 	356
403	Sire certes dist elle 	Certes sire 	357
404	se iou y qui doie auoir aucun preu iou le vous diroie 	se ie y cuidoie auoir prouffit ie uous le diroie. 	358
405|406	Damage fait il |ni aurois vous ia se dieu plaist. 	Dommage fait il ny aurez uous ia se dieu plaist. 	359
407|408	Dites le moi par tel conuent |que se iou vous puis aidier a esclairier vostre cuer iou le ferai a mon pooir. 	car se ie uous puis aider ie uous aideray a esclercir uostre cueur a mon pouoir. 	360
409|410	Enon dieu sire fet elle |dont le vous dirai iou 	Par dieu sire denc fait elle le uous diray ie. 	361
411	IL fu voirs 	Il fut uoir 	362
412|413	que melyagans li fiex au roy baudemagu ala a la cort au roy artu |pour la royne genieure conquiere. 	que meleagant le filz du roy bademagus alla a la court du roy artus pouc la royne genieure conquerre. 	363
414	Et endementres fist tant vne damoisele 	En dementiers fist tant une damoiselle 	364
415	qui sa suer estoit. 	qui sa seur estoit 	365
416	que elle geta lancelot de prison dune tour 	que elle iecta lancelot hors de prison de une tour 	366
417	ou il estoit mis : 	la ou il lauoit mis. 	367
418|419	iou ne sai porcoi |Ouant elle lot deliure. 	Quant elle leust deliure 	368
420	si le tint aueques li. 	elle le tint auec elle 	369
421	tant quil fu garis 	tant qu il fut gary: 	370
422	Car moult auoit eu mesaise en la prison. 	et moult y auoit eu mesaise. 	371
423|424	Et Io puis quant il fu garis |si lenvoia a la cort au roy artu 	et puis lenuoia a la court du roy artus 	372
425	ou il ochist melyagant chou sauons nous bien. 	la ou il occist meleagant. 	373
426	Mais si tost que si parent le sorent 	mais tantost que ses parens sceurent 	374
427|428	que elle auoit lancelot gete de prison |Si distrent 	que elle auoit iecte lancelot hors de prison 	375
429|430	que elle lauoit fet pour melyagant ocirre |Si le pristrent a force et locoisonnerent de sa mort. 	ilz la occuperent de la mort de meleagant. 	376
431	Et distrent 	et fut dit 	377
432	que se elle ne trouuast 	que se elle ne trouuoit 	378
433	qui len deffendist 	qui la deffendist 	379
434	que on feroit de li autel iustice 	que len feroit de elle telle iustice 	380
435	com on deueroit faire de femme 	que len deuoit faire de femme 	381
436	qui son frere auoit ocis. 	qui son frere auoit occis. 	382
437	Et elle dist 	Et elle dit 	383
438	quele le trouueroit bien 	que elle trouueroit bien |qui len deffendroit. 	384|385
439	Si mist iour dun cheualier amener auant. 	Si lui fut iour determine |de trouuer ung cheualier 	386|387
440	pour li desfendre. 	pour elle deffendre. 	388
441	Si sen est puis pourchascie en pluisors lieus. 	Et elle a depuis pour chasse en plusieurs lieux 	389
442	mais onques ne troua cheualier 	mais oncques ne trouua cheualier 	390
443	qui sez armes en osast prendre encontre celui 	qui ses armes osast prendre centre 	391
444	qui apelee len auoit. 	celui qui lauoit appelle. 	392
445	Ore est la chose tant alee 	Or est tant la chose allee 	393
446	que li iors fu atermines a hui. 	que le iour est ennuy termine: 	394
447	si na trouue nul desfendeour 	si na trouue nul desfendeur. 	395
448	Et pour chou dient li vn et li autre 		
449	quele est atainte del mesfait 		
450|451	que on li a mis sus. |si lont iugiee lal ardoir le matin. 	et pource lont iugiee a estre arse au matin 	396
452	Et pour chou 	et cest la cause 	397
453	quil men ramenbroit ore ploroie iou 	qui me fait plourer 	398
454	Car elle estoit vne des plus hautes damoiseles del monde et des plus uaillans 	car elle estoit une des plus haultes damoiselles du monde: |et des plus uaillantes. 	399|400
455|456	CAr me dites |dont damoisele fait lancelot. 	OR me dictes damoiselle fait lancelot 	401
457	se elle trouoit demain 	se elle trouuoit demain 	402
458	O qui le desfendist dont: 	qui la deffendist 	403
459	ne seroit elle quite del iugement. 	ne seroit elle pas quicte du iugement. 	404
460	Sire fait elle iou ne sai. 	Sire |dit elle ie ne scay. 	405|406
461	Et est chou fait il loing de ci. 	Et esse fait il gaires loingz dicy. 	407
462	Sire fait elle il 	Sire 	408
463	ni a que vi lieues englesches. 	dit elle il ny a que six lieues anglesches/ 	409
464	Se vous moues demain matin vous y seres dedens prime 	et se uous partiez demain matin uous y seriez demain a prime. 	410
465	Et ou le porroie iou fait il trouuer. 	Et ou la pourroie ie fait il trouuer. 	411
466	En la forest fait elle de floregas. 	En la forest de florega: 	412
467	Et chis chemins vous y menra tot droit 	et ce chemin icy uous y menera tout droit 	413
468	se vous le saues tenir 	se uous le sauez tenir. 	414
469	Or vous commanch iou a dieu damoisele fait il. 	Il se part de la damoiselle |et la commande a dieu. 	415|416
470|471	si sen torne atant. |Et cele sen uait faisant son doel. 	Et celle sen reua faisant son deul. 	417
472	Et lancelot cheualche 	et il cheuauche 	418
473	tant que il vint hors de la forest. 	tant quil uint hors de la forest 	419
474	si voit deuant lui vne maison de religion. 	si uoit deuant lui une maison de 	420
475	si torne cele part pour herbergier. 	religion.Il tourne celle part pour hebergier. 	421
476	Et quant il vint la si trouua. ij. freres 	Et quant il uint la |si trouua deux freres	422|423
477	qui auoient cante complie. 	qui auoient chantee complie: 	424
478	Si estoient venu au serain. 	et ilz estoient uenus hors au serain 	425
479	si saillent sus encontre lui 	si saillent encontre lui 	426
480	por lui desarmer. 	pour le descendre 	427
481	et dient 	et dient 	428
482	que bien soit il venus. 	que bien soit il uenu. 	429
483|484	si le font entrer laiens |et li demandent sil manga hui. 	aprez lui demandent sil menga huy. 	430
485	Et il dist 	Il dit 	431
486	que nenil. 	que nenny. 	432
487|488	Et il font maintenant metre la table a lor sergans et la nape ; |et puis le pain et le vin dessus. 	et ilz font incentinent mettre la table le pain et le uin dessus 	433
489	Et il dist 	mais il dit 	434
490	quil ne mangera mie deuant 	qu il ne mengera deuant 	435
491|492	ce quil ait este el moustier. |si y dira sez orisons. 	quil ait este au monstier dire ses oraisons 	436
493	Car il ni auoit hui este. 	car il ny auoit huy este 	437
494	Lors sen entre en leglise pour orer. 	Lors entre en leglise 	438
495	Et en ce quil su a genoillons 	et ainsi quil fut agenoullons 	439
496	si regarde deuers destre partie 	si regarde a dextre partie 	440
497|498	et voit. j. prones de fer et dargent moult bien faites a flor cestes: |dor et a bestes et a oisiaus de diuerses manieres 	et uoit unes prones dargent moult bien faictes a florectes dor a bestes et a oiseaulx de diuerses manieres 	441
499|500	et dedens auoit. v. Cheualiers armes de toutes armes |si com de heaumes en testes et despees es mains 	Dedens auoit cinq cheualiers armez de toutes armes les espees en leurs mains 	442
501	et aussi pres de euls desfendre 	ainsi prestz a deffendre 	443
502	que se on les volsist assaillir. 	comme se len uoulsist assaillir. 	444
503	Ne chou sesmerueille moult lancelot. 	De ce se merueille lancelot 	445
504	et se drece em pies 	si se dresse sur piez 	446
505|506	si vait cele part |et salue lez cheualiers. 	et ua celle part et salue les cheualiers. 	447
507	Et il li dient 	Et ilz dient 	448
508	que bien soit il venus. 	que bien soit il uenu. 	449
509|510	Et lancelot entre dedens les prones |qui tant sont beles et riches. 	et lancelot entre dedens les prones par ung petit huysset 	450
511	Et regarde lez prones 	et regarde les prones 	451
		qui tant sont belles et riches 	452
512	quil ne quide pas 	quil ne cuide pas 	453
513	que vns roys lez peust esligier. 	que ung roy les peust esligier. 	454
514|515	Et voit deles lez cheualiers |vne tombe la plus riche 	et uoit delez les cheualiers une tombe la plus riche 	455
516	que onques fust ueue de nul cheualier 	que encques feust ueue de nul homme: 	456
517	Car elle estoit toute de fin or a pierres precieuses 	car elle estoit de fin or a pierres precieuses 	457
518	qui valoient. j. grant royalme. 	qui plus ualloient que ung grant royaume. 	458
519	Et se la tombe estoit de grant biaute. 	Et se la tombe fut de grant |beaute/ 	459|460
520|521	noient fu de la grant rikece |dont elle estoit. 	ce nestoit riens enuers la grant richesse: 	461
522	Et auec tout chou estoit elle la plus grande 	et auec ce estoit elle la greigneure 	462
523	quil eust ao onques mais veue. 	qu il uist encques. 	463
524	Si sen est trop merueillies 	si est moult esmerueillie 	464
525	qui li princes pooit estre 	qui pouoit estre le prince 	465
526	qui illueques estoit mis 	qui fut illec mis. 	466
527	Et il demande as cheualiers 	Et il demande aux cheualiers 	467
528	que il font illueques. 	qui illec sont |de quoy ilz seruent. 	468|469
529	Sire font il nous gardons le cors 	Sire nous gardons le corps 	470
530	qui chi gist en ceste tombe 	qui gist dedens ceste tombe 	471
531	quil nen soit portes de chaiens. 	qu il ne soit porte hors de ceans. 	472
532	Si sommes. v. 	Si sommes cinq 	473
533	por lui garder cascun ior. 	pour le garder chacun iour: 	474
534	Et la nuit en y a autres. v. 	et par nuit en y a autres cinq 	475
535	qui font autretel seruice 	qui font autel seruice 	476
536	comme nous faisonz de ior. 	comme nous faisens de iour. 	477
537	Et de coi aues vous paor fait lancelot. 	Et pour quoy auez uous paour fait lancelot 	478
538	Sire font il vnz des freres de chaiens 	quil ne soit emporte. |Sire fent ilz pource 	479|480
539|540	qui moult est de sainte vie |Nous dist na encore gaires 	que ung des freres de ceans nous dist na encores gaires 	481
541	que vns cheualiers vendroit chaiens 	que ung cheualier uendroit ceste part 	482
542	qui par sa force len osteroit. 	qui a force len osteroit 	483
543	et le feroit mener hors de cest pais. 	et hors de ce pais le feroit porter 	484
544	Et nos gens de ceste terre voldroient miex morir 	et nos gens de ceste terre aymeroient mieulx mourir 	485
545	quil fust remues dentre nous. 	que il fust remue dentre nous 	486
546	Et por chou le gardons nous ensi comme vous vees. 		
547	car li preudom nous dist 	car le preudomme nous dist 	487
548	ke li cheualiers ne demourroit pas 	que le cheualier ne demouroit pas 	488
549	ke il ne uenist 	quil ne uenist. 	489
550	Or me dites fait lancelot. 	Or me dictes fait lancelot. 	490
551	et ne fu cils cheualiers moult haus homs 	Ne feust pas cest cheualier hault prince 	491
552	a qui on fist ceste sepulture. 	a qui len feist ceste sepulture. 	492
553	Sire font il haus homs fu il et riches. 	Sire font ilz ce fust ung hault homme et riche/ 	493
554	Et auec chou fu il li plus preudoms 	auec ce fust le plus preudomme 	494
555	qui fust a son tamps. 	qui onques fust en son temps. 	495
556|557	Ha : |diex fait lancelos 	Haa dieux fait lancelot 	496
558	qui fu il. 	qui fust il. 	497
559|560	Sire font il |se vous connissies point de lettres 	Sire font ilz sy uous cengnossies lettres bien pouries scauoir 	498
561	vous poes bien sauoir 		
562	qui il fu. 	qui il fust/ 	499
563	Car ses nons est escris el chief de ceste lame. 	car son nen est escript au chief de celle lame/ 	500
564	ors uait lancelot cele part 	lors ua lancelot celle part 	501
565	et trueue les lettres 	sy treuue les lettres 	502
566	qui disoient. 	qui disoient. 	503
567	Chi gist Galehols li fils a la bele iaiande li sires dez lontaignes illes 	Icy gist gallehault le filz a la gayande 	504
568	qui por lamor de lancelot del lac morut 	qui pour lamour de lancelot mourust/ 	505
569	Et quant il voit chou 	et il uoit ce |si chiet pausme. 	506|507
570|571	si chiet a terre tous pasmes |et iut grant piece sans dire mot. 	et geust grant piece a terre sans mot dire 	508
572|573	Et li cheualier coerent a lui |por e lui releuer 	et les cheualiers le courent releuer si se merueillent 	509
574|575	qui moult sesmerueillent |qui il poet estre. 	qui il peult estre. 	510
576	Et quant il est reuenus de pasmisons. 	Et quant il est leue de paumoisens 	511
577	si dist ha : 	si se escrie 	512
578	diex quel doel et quel damage et quel anui. Lors fiert lun poing sor lautre. 	et dist/ Helas |quelle douleur quel ennuy et quel dommage/ 	513|514
579|580	et esgratine son visage. |si quil en fait le sanc saillir. 	lors se tourne a part 	515
581|582	Si se prent par ses cheueus |et se fiert del poing grans cops en mi le vis. 	et pleure 	516
583	et pleure si durement 	et crie monlt durement 	517
584|585	que il ni a celui |qui nen ait pitie. 	si que cest pitie de le uoir 	518
586	Si laidenge et maudist leure 	et mauldit leure 	519
587|588	que il onques fu nes |quant si preudoms est mors pour lui 	qui fust onques ne et dit. 	520
589	Moult fait lancelot grant doel et grant cri. 	Haa dieux quel dommage |et quelle parte du plus preudomme du mende. 	521|522
590|591	et tant que cil de laiens le regardent a meruelles |Si li demandent 	ceulx de leans le regardent a merueilles/ 	523
592	qui il est. 	ains crie 	524
593|594	Et il ne lor pot mot dire |ains pleure toutes voies et se debat et deschire. 	et se debat et deschire. 	525
595	Et quant il ot grant piece son doel mene. 	et apies qu il a son deul demene grant piece 	526
596	Si regarde les lettres 	il regarde les lettres 	527
597	qui dient 	qui dient 	528
598	que pour lui morut Galeholt. 	que pour luy mourust galle. 	529
599	Lors dist 	Si dist 	530
600	que trop seroit maluais 	que ores seroit bien mauuais 	531
601	sil ne moroit Ie aussi pour lui. 	sil ne mouroit pour luy. 	532
602	Si saut maintenant hors dez prones 	Si sault hors du prosne 	533
603	et pense 	et dist 	534
604	quil yroit querre sespee. 	que il yra querir son espee/ 	535
605	et quil sen ochirra 	et que il se occira 	536
606	Et maintenant quil fu hors del moustier. 	quant ainsy est galle. mort pour lui et a lissue du menstier 	537
607	si encontra la damsolisele sa la damel del lac. 	il encentra une des damoiselles a la dame du lac 	538
608|609	Cele qui a bohort auoit parle deuant le castel de hongrefort. " |et elle le connoist bien. 	celle a qui boort auoit parle au chastel de honguesfort 	539
610	si le prent par le poing et lareste. 	et celle le print par le poing |et le arreste/ 	540|541
611|612	Que est che fait elle ou ales vous ensi. |ha : 	quoy fait elle ou alles uous ainsy/ 	542
613|614	damoisele |fet il laissies moi mes dolors acomplir. 	Haa damoiselle fait il laissies moy mes douleurs parfournir. 	543
615|616	Car iamais naurai ioie ne repos. en cest siecle. |parles a moi fait elle. 	car ia mais ne auray ioie ne repos en ce siecle/ Parles a moy fait elle 	544
617	Et il ne respont nul mot. 	et il ne luy respent mot 	545
618	ains se lance outre 	ains se lance oultre 	546
619	si quil li escape des mains 	si que il luy eschappe des mains 	547
620	Et quant elle len voit ainsi aler. 	et quant elle le uoit ainsy aller 	548
621	Si dist. 	si dist. 	549
622	Sire iou vous desfent par la riens 	Sire ie uous deffens de par la riens 	550
623	que vous plus ames en chest siecle. 	que plus aimes 	551
624	que vous nales auant deuant 	que uous ne alles en auant premier 	552
625	que vous aies parle a moi. 	que aies parle a moy/ 	553
626|627	Et il sareste |et le regarde 	et il sarreste si la regarde. 	554
628	et le connoist 	Et il la congnoit 	555
629	et li a dit 	il dist 	556
630	que bien soit elle venue 	que bien soit elle uenue. 	557
631|632	En Non dieu sire fait elle |vous me deussies faire plus bele chiere. 	Eu nen dieu fait elle uous me deussies faire plus belle chere 	558
633	que vous ne faites. 	que uons ne faictes au moins 	559
634	Au mains pour ce que iou sui a ma dame del lac. 	pource que ie suys a uostre dame du lac. 	560
635|636	la vostre dame, |Damoisele fet lancelot 	damoiselle fait il ne uous desplaise 	561
637|638	or ne vous poist |et ne quidies mie 	et ne cuidiez pas 	562
639|640	que iou aie iames ioie. |pour auenture 	que iamaiz iaie ioie pour auanture 	563
641	qui me puist auenir. 	qui me puisse aduenir. 	564
642|643	Enon dieu fet elle |Si aures 	Eu nen dieu fait elle si aures. 	565
644	Ore escoutes 	Or escoutes 	566
645	que ma dame vous mande. 	que ma dame uous mande 	567
646	Elle vous mande 	Elle uous mande 	568
647	que vous ostes le cors Galehot de chaiens 	que uous ostes le corps de gallehault |qui est ceans 	569|570
648	et len faites porter a la ioieuse garde. 	et le faictes porter dedens le chastel de la douloureuse garde 	571
649	et illueques soit mis en la tombe 	et soit mis en la tombe 	572
650	ou vous trouastes uostre non escrit	ou uous trouuastez son nom en escript 	573
651	Et elle le vseut a ensi pour chou quele sest bien 	et elle le ueul ainsy pource quelle scait bien 	574
652	que en celui meisme lieu sera vostres cors enterres. 	que en ce mesmes lieu sera uostre corps enterre. 	575
653	Et quant lancelot entent chou 	Et quant il entent ce 	576
654	Isi est moult lies. 		
655	et dist 	sy dist 	577
656	que moult li sont ches noueles fplaisans 	que moult luy sent ces nouuelles plaisans 	578
657	car toutl ensi le fera il. 	car tout ainsy le fera 	579
658	Puis demande conment 	il/ puys demande 	580
659	que sa dame le fait. 		
660|661	Par foi fait elle. |Madame a estet. viii. iours mallade mout durement. 	comment sa dane le fait/ par ma foy elle a este uiii. iours malade durement 	581
662	Car ellle trouusa en son sort 	car elle trouua en son sort 	582
663|664	si comme elle msa puis dit. |que si tost que vous trouueries la tombe gallehot 	que si tost comment uous trouueries la tombe de gal. 	583
665|666	Ique uous uous ochiries de dolel |se uous nen esties destournes. 	que uous uous occiries de deul 	584
667	Et pour cou menuoia elle a grant besoing cha. 	et pour ce menuoia elle ceste part 	585
668	si uous mande 	et uous prie 	586
669|670	que uous laissies |che doel ester 	que uous lessies ce deul 	587
671|672	car il ne uous puet faire se nuire non. |Et uous prie par la riens 	et que pour la riens 	588
673	que vous plus ames 	que uous plus ames 	589
674	que au plus bel 	que uous uous reconfortes le plus beau 	590
675	que vous poes vous en deportes. 	que uous pourres. 	591
676|677	Et se vous ne le faites ensi. |bien sachies 	et se uous ne le faictes ainsy sachies 	592
678	que a la premiere fois. 	que au premier affaire 	593
679|680	que vous aures mestier de li. |elle vous faudra. 	que uous aures elle uous fauldra. 	594
681	Et il dist 	et il dyt 	595
682|683	quil sen comfortera |puis que elle le veult. 	qui se cenfortera puys quelle ueult. 	596
684|685	Or vous commant |dont que vous prendes vos armes 	Or uous cenuient uos armes prendre 	597
686	Car iou sai bien 	car le scay bien tant des cheualiers de ceans 	598
687	que li cheualier ne vous lairont mie le cors emporter. 	quilz ne le uous lesserent point emporter 	599
688|689	tant comme il le porront desfendre. |Et il dist 	tant quilz le puyssent deffendre. 	600
690	quil en morront tuit. 		
691|692	aincois quil ne lemport de laiens. |si se vait armer demaintenant. 	si sen ua armer tout maintetenant/ 	601
693	Et lors sen uient la damoisele as cheualiers 	et la damoiselle uient aulx cheualiers 	602
694	qui gardoient la tombe 	qui gardoient la tombe 	603
695	et lor dist 	si leur dist. 	604
696|697	Segnor |vous voles vous desfendre 	Seigneurs uoulles uous deffendre 	605
698|699	de ce quil couuient estre a forche. |Et iou le vous di por le cors 	ce qui cenuient a estre oste a force/ ie le dys fait elle pour le corps 	606
700	que vous gardes. 	que uous gardes 	607
701	Car vous saues bien 	car uous saues bien 	608
702	quil en sera ostes. 	qu il sera oste 	609
703	Non sera font cil 		
704	tant comme nous porrons. 		
705|706	Enon dieu fait elle |si sera quar cil est uenus 	car celuy est uenu 	610
707	qui len ostera 	qui len ostera/ 	611
708	Et se vous le contredites vous en morres tout. 	et se uous centredistes uous en mourres tous. 	612
709	Et por chou vous uenist il miex. 	Et pour ce uauldroit il mieulx 	613
710	que vous le laississies 	que uous le lessies uenir 	614
711	atant enmener lque uous vous en feissies ocirre. 	que de uous faire occire. 	615
712	Et cill dient 	Et ceulx dient 	616
713	que ia tant comme il soient vif : 	que tant quilz seront uifz 	617
714|715	nen sera portes. |Et bien sache font il li cheualiers 	ne le lesront emporter. 	618
716|717	qui uenus est pour sauoir |quel sil estoit plus preu encore que la lancelot ne soit. 	A ces parolles uint leans lancelot tout arme. 	619
718|719	si ne lenmenroit il point |Or uerrois fait elle 	Et quant les cheualiers le uoyent uenir 	620
720|721	comment il vous en lauenra. |ces paroles uient laiens lancelot tous armes 	si luy demandent 	621
722	Et quant li cheualier le uoient uenir 	que il ueult faire ie uueil 	622
723|724	si li denandent |que il ueullt. 	auoir 	623
725	ie ueul fait il auoir le cors 	fait il le corps 	624
726	qui llaiens est. 	qui leans gist. 	625
727	Par foi font il vous ne laures mie 	Par ma foy font il uous ne laures point 	626
728|729	pour noient nous |y morrons aincois que vous lenportes. 	ains y mourrent tous que uous lemportes. 	627
730	Au morir fait il estes vous tout uenu 	au mourrir estes uous tous uenus 	628
731	puis que a mainz nen voles passer. 	puis que a moins ne uous en uoulles passer 	629
732	Cil sont dedens les prones. 	Ceulx sont dedens les prosnes 	630
733|734	et il lor cort sus maintenant. |Et cil a lui quar arriere le quiderent faire flatir 	et il leur court sus incentinent et eulx a luy. 	631
735	pour paor de morir. 		
736	si le fierent 		
737|738	la ou il le porent ataindre. |Et il auoit en la main lespee toute nue. 	lancelot tire son espee toute nue 	632
739|740	si lor doune grans cops et pesans. |Et fiert si le premier quil encontre 	et frappe sur eulx en telle maniere 	633
741	que por coiffe ne pour heaume ne remainst 		
742|743	que il ne li mete lespee iusques au tesstje. |Et il le hurte si labat a terre. 	que le premier quil attaint il le met par terre. 	634
744	Et li autre as lassalent moult ireement. 		
745|746	et le fierent sor son heaume et sor son hauberc. |si quil li derrompent en pluisours lieus. 	lors le assaillent les aultres moult uigoureusement: 	635
747|748	Mais il ne li chaut de chose |quil li fachent. 	mais peu leur prouffite: 	636
749	quar tant est dolans que nus plus. 	car tant est dolent que nul plus. 	637
750	si lor laisse corre par grant ire lor donne de lespee grans cops 	si leur laisse courir par grant ire 	638
751	si que tous les fait guenchir deuant lui. 	tant que tous les fait reculer de lui. 	639
752	lors esgarde et voit vn dez. iiij. 	Lors regarde lun des quatre 	640
753|754	qui plus li fait mal a son essient. |Et il estoit moult grans 	qui plus lui faisoit mal a son auiz 	641
755|756	et moult fors. et lancelos |qui le vient ataignant li donne sor le heaume tel cop 	si lui donne sur son heaume tel coup 	642
757|758	quil en fait le fu saillir. |et lespee glache 	qu il en fait le feu saillir/ et lespee glace 	643
759	qui ne fu mie de droit ferue. 		
760|761	si descent sor la droite espaulle au cheualier. |si que li bras kai a tout lespee sor le pauement. 	si descent sur la destre espaulle du cheualier: si que le bras lui cheut atout lespee sur le pauement. 	644
762	Et cil trebuche a terre 	Celui trebucha a terre 	645
763	qui se pasme de langoisse 	et se pasma de langoisse 	646
764	quil sent. 	quil sentist. 	647
765|766	Et lors sont moult esmaie li autre troi. |et font moult maluais 	Lors sont moult esmaiez les autres .iii. 	648
767	samblant daus desfendre pour le grant cop 		
768|769	quil ont veu. |et pour lespee 	et lancelot leur court sus 	649
770	que cascuns de euls a sentue iusques au sanc.		
771|772	Et lancelot |qui pas ne se recroit en fiert vn amont sor le heaume. 	et en fiert tellement ung ament le heaume 	650
773	quil le fait flatir a terre dambes. ij. lez paumes. 	qu il le fait flatir a terres 	651
774	Et quant li autre doi voient chou. 	Et quant les autres deux uoient ce 	652
775	si tornent en fuies. 	si tournent uers luys a garant. 	653
776|777	Et lancelot ataint le daarrain |si le fiert par entre se lescu et le col. 	Et lancelot uient attaignant le derrain par entre lescu et le col 	654
778	Si quil li trenche le bras 	si lui trenche le bras: 	655
779	et li escus chiet a terre. 	et lescu chiet a terre. 	656
780	Et cil torne en fuies 		
781|782	qui mahaignies se sent. |Et lancelot reuient a lautre 	Lancelot court a lautre 	657
783	qui ia se releuoit. 	qui ia se releuoit 	658
784	si li donne si grant cop 	et le fiert si grant coup 	659
785	que il li fait voler le heaume de la teste en le place. 	qu il lui fait uoler le heaume de la teste en la place. 	660
786	Et quant il sent son chief descouuert. 	Quant celui sent sa teste nue 	661
787	si li crie merci 	il crie mercy 	662
788	et dist 	et dit 	663
789	quil ne lochie mie 		
790	quar il est prest de sa volente faire. 	qu il est prest de faire sa uoulente. 	664
791|792	Lors te couuient |dont fai lancelot afiancer 	Il te conuient denc promettre dit lancelot 	665
793|794	fait il |que tu le cors monseignor Galeholt conduiras a la ioieuse garde 	que tu conduiras le corps de gallehaut a la douloureuse garde 	666
795|796	Et y soies |tant que iou y uiengne. 	tant que ie y uiengne/ 	667
797|798	Et se on te demande |qui ti envoie. 	et se len te demande 	668
799|800	Si di |que cil ti envoie 	qui te y enuoie si dis: 	669
801	qui ot lez blanches armes le iour 	celui qui eut les blanches armes le iour 	670
802	que li castiaus fu conquis 	que le chasteau fut cenquis 	671
803|804	Et cil li fiance |que ensi le fera il AN tel maniere 	et cefui lui promet. 	672
805	com vous oies conquist lancelot le cors Galeholt.		
806|807	Et lors y quant il ot au cheualier fait fianchier a faire sa volente. |si prent le lame par le gros chief. 	Lors prent lancelot la lame par le gros chief 	673
808	si le tire par si grant force. 	et la tire de si graut force 	674
809	que a poi quil ne sest tous derrompus. 	que a peu quil ne se derompt tout 	675
810	Si que li sans vole parmi le nes. et parmi la bouche 		
811|812	Et li cors li tressue de langoisse |que il en a. 	et tant que le corps lui sue dangoisse/ 	676
813	Mais nulle dolors 	mais nulle douleur 	677
814	quil ait eue ne monte riens a celi 	quil eust |mais ne monte riens a celle douleur 	678|679
815	quil ot 	qu il eust 	680
816	quant il vit le cors Galeholt arme 	quant il uist le corps de gallehaut tout arme 	681
817	tout ensi com il estoit. 	ainsi comme il estoit. 	682
818	Si troua lespee deles lui 	Si trouua son espee empres lui 	683
819	qui tant estoit bele et boine et sans faille de lespee 	qui tant estoit benne et belle. 	684
820	se fust il ocis 	et sans faulte il sen eust occiz 	685
821|822	se la damoisele ne li eust desfendu |quar elle li osta lespee de sez mains. 	se la damoiselle ne lui eust ostee. 	686
823	Lors fist lancelot vne biere de fust. 	Lors fist lancelot une biere de fust 	687
824	et le fist courir del plus riche paile de laiens 	et la fist couurir du plus riche drap de leans. 	688
825|826	Et quant il lot atorne au plus richement quil pot. |si li dist li cheualiers 	Quant il leust apointe le mieulz 	689
827|828	qui le deuoit mener, |Sire fait il. 	qu il peut le cheualier prisonnier lui dist. 	690
829|830	che seroit boin. |que nous mouissons de nuit. 	Sire il seroit bon de emporter le corps de nuit. 	691
831	pourcoi fait lancelot. 	Pour quoy fait lancelot 	692
832	pour chou fait il 	Pource fait il 	693
833	que se li cheualier de chest pais le sauoient 	que se les cheualiers de ce pais sauoient 	694
834	que on len deust emporter. 	que len le deust emporter 	695
835|836	il feroient gaitier lez trespas |Si quil seroit arrestes en aucun lieu. 	ilz feroient garder le trespas. 	696
837	Et pour chou vous loeroie iou 	Et pour ce uous conseilleroie 	697
838	quil meust orendroit. 	que on partist |car il seroit bien eslongnie 	698|699
839|840	Car il seroit eslongies. X. lieues |ains quil fust iors. 	ains qu il feust iour dix lieues anglesches. 	700
841|842	Et il si acorde bien. |si fait mettre le litiere sor. ij. palefrois. 	Et il se y accorde/ si met la littiere sur deux pallefrois amblans 	701
843	Et emportent ensi Galeholt hors de la maison 	et emportent ainsi gallehaut hors de la maison. 	702
844	Si en ont li frere grant doel 	Si en ont les freres grant deul |et sont dolens 	703|704
845	de ce que on lemporte. 	que on lemportoit. 	705
846|847	Et lancelot le conuoie grant piece de la nuit plaignant |et plorant sa valour. 	Lancelot le compartie uoie grant piece de la nuit plourant et plaignant et regrettant sa prouesse et sa ualeur. 	706
848	Et se ne fust la damoisele 	Et se ne feust la damoiselle 	707
849|850	qui auec lui estoit. |moult en eust plus fait. 	qui auec lui estoit moult en eust fait plus quil ne faisoit: 	708
851	mais cele len destorna. 	mais elle len destourna. 	709
852	Et il commanda au cheualier 	Et lancelot commande au cheualier 	710
853	quil ne fust enterres deuant chou quil venist a lui. 	qu il ne feust enterre deuant |quil uenist. 	711|712
854	A tant sen part de lui lancelot 	Si se depart de lui 	713
855|856	et retorne a labbaye |si se couche 	et retourne a la religien se couchier 	714
857|858	Ne onques la nuit ne volt mangier ne boire pour chose |que on li deist. 	et oncques ne uoulut la boire ne mengier. 	715
859|860	ains ploret dolosa tout ades. |Si li anoia moult li iors 	si lui ennuya moult le iour 	716
861	qui tant demoroit : 	qui tant demouroit a uenir. 	717
862	Et au matin si tost com li iors apparut. 	Et au matin si tost comme le iour apparust 	718
863	se leua et oy messe entre lui et la damoisele. 	se leua |et ouist messe lui et la damoiselle. 	719|720
864	lors li dist elle lez noueles de bohort. 	Lors elle lui dist nouuelles de boort 	721
865	comment elle lauoit veu deuant hongrefort 	et que elle lauoit ueu deuant a honguefort |et comment il le fait. 	722|723
866	et il en fu moult lies. 	et il en fut moult ioyeux. 	724
867	Et elle li dist. 	Aprez elle lui dit. 	725
868|869	Sire il vous ua querant. |ne iamais ne finera deuant 	Sire il uous ua querant ne iamais ne finera deuant 	726
870	ce quil vous aura trouue. 	quil uous aura trouue. 	727
871	Damoisele fait lancelot 	Damoiselle fait lancelot 	728
872	se vous le quidies auant trouuer de moi. 	se uous le trouuez auant 	729
873	iou vous voldroie proier 	que moy ie uous uouldroie prier 	730
874	que vous li portissies ceste espee 	que uous lui porteissiez ceste espee 	731
875	qui fu monseignor Galeholt, 	qui fut a mon compaignen gallehaut 	732
876	Et li dites 	et lui dictes 	733
877	quil le port de par moi. 	quil la porte de par moy 	734
878|879	quar elle est moult bone |et moult bele. 	car elle est moult bonne et belle. 	735
880	elle dist 	Et elle dist 	736
881	que elle le trouuera bien par tamps 	que elle le trouuera par temps 	737
882	et bien fera ce dist cest message. 	et bien fera ce message. 	738
883	Si sen part atant de lui. 	Si se part atant de elle 	739
884	Et il sen vait uers le castel de florega. 	et sen ua uers le chasteau de florega 	740
885	Si y uin entor prime. 	si y uint entour prime. 	741
886	Et il regarde en mi lez pres dehors la vile 	et il regarde es prez hors la uille 	742
887	Si vit moult grant gent entor vn fu. 	si y uist moult grant gent entour ung feu 	743
888	ou on deuoit ardoir le suer melyagant, 	ou len deuoit ardoir la seur de meleagant. |Quant il apperceust le feu 	744|745
889	CNuant lancelot aperchut le fu 	si eut grant paour de la damoiselle. |Lors frappe le cheual des esperons 	746|747
890	si ot moult grant paour de la damoisele 	et uient celle part. |et quant il uoit la damoiselle 	748|749
891	qui y ia estoit menee au fu pour destruire. 	qui ia estoit amenee au feu |pour destruire 	750|751
892	Si estoit en vne poure chemise 	laquelle estoit en une poure chemise 	752
893	et le tenoient. vi. pautonnier. iij. dune part. et. iij. dautre. 	et la tenoient six pautenniers. |trois de une part et trois dautre: 	753|754
894	Si natendoient a geter 	et ne actendent la iecter au feu 	755
895	le el fu fors le commandement as iuges 	fors le commandement du iuge 	756
896	et elle ploroit moult tendrement 	Et elle plouroit moult tendrement 	757
897	et regretoit lancelot 	et regrettoit lancelot: 	758
898	et disoit ha : 	en disant. 	759
899	gentiex hom lancelot 	Haa gentil homme lancelot 	760
900	quar pleust ore a dieu 	car pleust a dieu 	761
901|902	que vous seussies ceste nouele |et puis vous fuissies chi a demie lieue. 	que uous feussiez prez de cy a demy lieue 	762
903	Certes a laide de dieu et de la uostre fuisse iou encore anuit rescousse malgre mes anemis 	certes a laide de dieu |ie seroie rescous se malgre tous mes ennemis 	763|764
904	si men conuendra ore a morir pour la vie 	si me conuendra mourir pour la uie 	765
905	que iou vous saluai apres dieu. 	que ie uous sauuay aprez dieu |mais certes dit elle 	766|767
906|907	Mais il ne me poise mie |tant pour moi 	il ne me poise pas tant pour moy 	768
908	comme il fait pour le corous 	comment il fait pour le courroust 	769
909	que vous en aures 	que uous aurez 	770
910	quant vous saures ma mort. 	quant uous le saurez 	771
911	Mais ce me conforte moult 	mais ce me conforte 	772
912	que les puceles gaaigneront en ma mort. 	que ie scay bien |que les damoiselles gaigneront a ma mort 	773|774
913	quar iamais nulle ne vous requerra dayde 	car iamais nulles ne uous requerrent daide 	775
914	que vous ne li aidies 	que uous ne les aidez 	776
915	tant comme il vous sousuiegne de moi. 	tant quil uous souuiengne de moy 	777
916|917	Car vostre cuers est si grans |quil ne puet estre sans grant merite rendre a toutes celes 	car uren cueur est ainsi franc. 	778
918	qui de par moi vous reclameront 		
919	Si mest auis 	Si mest auiz 	779
920	que il mest moult miex a lame pour la loiaute faire 	quil mest mieulx a lame |pour loiaulle faire 	780|781
921	et pour geter de prison si uaillant homme 	et pour ietter de peril ung si uaillant homme 	782
922	comme vous estes. 	comment uous/ 	783
923	que vous fuissies mors pour la desloiaute melyagant 	que se uous feussies mort par la desloyaulte melleagant/ 	784
924	qui en prison vous auoit mis. 	qui en prison uous auoit mis. 	785
925	ANsi disoit la damoisele moult tenrement plorant. 	AInsi disoit la damoiselle menlt tendrement plourant. 	786
926|927	Et lancelot vint durement poignant |la ou il le vit ester. 	lors uient lancelot poignant celle part 	787
928	Si dist a chiaus 	si dist a ceulx 	788
929|930	qui le tenoient. |Laissies ester la damoisele laissies. 	qui tenoient la damoiselle/ lessies la damoiselle. 	789
931	pourcoi fait vns cheualiers armes 	pour quoy fait ung cheualier arme 	790
932	qui auant saut le lairoit on. 	qui deuant estoit/ la lesrons ilz. 	791
933	pour chou fait il 	pour ce fait il 	792
934	que vous naues droit de li faire morir. 	que uous naues nul droit a la faire mourir/ 	793
935	Si auons fait cil si grant 	si auons fait celuy asses grant 	794
936|937	que nous lauons atainte de murdre. |dont iou lapelai 	car nous lauens actainte de meurdre donc ie lappeloie/ 	795
938	et elle sen offri a desfendre. 	et elle sen offrit a deffendre 	796
939	mais elle ne trouua onques 	mes elle ne trouua enques cheualier 	797
940	qui zs escu en portast por li. 	qui pour elle portast escu/ 	798
941	Et chou nest mie de meruelle. 	et ce nest pas de merueille 	799
942	quar cascuns set bien 	car chascun scait bien 	800
943	que elle a desloiaument oure. 	quelle a desloyaument ouure 	801
944	De coi fait lancelot. 	de quoy fait lancelot/ 	802
945|946	De chou fait cil |que elle deliura lancelot de prison. 	de oster lancelot de prison 	803
947	por ocirre melyagant son frere. 	pour occire melleagant son frere 	804
948	Se vous fait lancelot voles moustrer 	Adenc dit lancelot |se uous uoullies dire 	805|806
949	que elle ait fait traison et murdre. 	quelle aist fait traison ou meurdre 	807
950	de che seroie iou tous pres de la desfendre 	ie suys prest de prouuer a lencontre. 	808
951	Qui estes vous fait cil. 	Et pourtant aduises se deffendre le uoulles. |Qui estes uous fa⟦i⟧t celuy/ cheualier 	809|810
952	Iou sui vns cheualiers fait lancelot 	suys fait lancelot	811
953	qui chi sui venus 	qui uiens uers ceste part 	812
954|955	por rescorre ceste damoisele. |Desfendre fait cil. 	pour deffendre la damoiselle. 	813
956	par foy se iou voloie. 	Par ma foy se ie uoulloie 	814
957	il ne men conuendroit pas desfendre. 	il ne men conuendroit ia deffendre. 	815
958	Car des hier estoit elle atainte 	car des hyer elle estoit attaincte 	816
959|960	puis quele ne pot desfendeor trouuer |qui la desfendist. 	puis quelle ne pouoit deffence trouuer/ 	817
961	Mais iou y senc ma droiture si loial. 	mes ie sens ma droicture si loyalle 	818
962	quil na cheualier el monde uers 	quil n y a cheualier eu monde contre 	819
963|964	qui iou ne losaisse bien moustrer au droit |que iou y ai. 	qui ie ne losasses bien prouuer. 	820
965|966	En non dieu fait lancelot. |Ore y para quar iou sui tous pres 	Eu nen dieu fait lancelot ie suys tout prest de la deffendre 	821
967	que iou la desfende uers vous. 	uers uous/ uoire dist celuy/ par mon chief et uous en moures 	822
968|969	voire fait cil. |Et par mon chief et vous y morres comme traitres et desloiaus. 	comment traictre et desloyal/ 	823
970	Lors traient la damoisele loing del fu. 	Lors est la damoiselle reculee du feu/ 	824
971	et li cheualiers seslongent li vns de lautre. 	et les cheualiers se eslongnent 	825
972|973	puis sentrelaissent corre li vns vers lautre. |quanque il porent des cheuax traire. 	et puys uiennent lun contre laultre tant come cheuaulx peuent courre/ 	826
974	si sentrefierent si durement 	et sentrefierent si durement 	827
975	que lor glaiues volent en pieces. 	que les lances uollent en pieces. 	828
976	puis sentrehurtent des cors et des uisages si durement 		
977	quil ni ot celui 		
978	quil ne fust desconrees. 		
979|980	Mais li cheualiers fu si estordis |quil ne se pot tenir es archons de sa sele 	mes le cheualier ne se peult tenir en la selle/ 	829
981	Ains uole ius de son cheual, 	ains uolle ius du cheual/ 	830
982	Et au fn el chair feri li coins de son heaume en terre. 	et au choir ferit le coing du feaulme a terre 	831
983	si qua poi quil not le col brisie. 	si que a pou quil na le col brisie. 	832
984	Et quant lancelot ot fait son tor 	Et quant lancelot le uoit si descent a pie 	833
985|986	si descent quar hontes li samble s de requerre a cheual celui |qui estoit a pie. 	et tire son espee 	834
987|988	Si trait lespee |et corut sus a celui 	et court sus a celuy 	835
989|990	qui ia se releuoit. |Si li donne parmi le heaume tel cop 	qui ia se releuoit/ si luy denne tel coup sur le chief 	836
991	quil le fait a la terre flatir des palmes et des genouls. 	qui le fist flattir a terre des palmes et des genoulz 	837
992	puis recoeure. j. autre cop 	puis recouure ung autre coup 	838
993|994	si le fiert par tel air |si que il labat a terre tout estordi. 	et le fiert si quil le fait parchoir/ 	839
995	puis le prent au heaume 	apres le prent par le heaulme 	840
996|997	si le traine uers le fu |et le gete dedens. 	et le traine iusques au feu/ 	841
998|999	et cil estoit si estordis. |et si uoit perdu la force de son cors 	si le iette dedens et celuy estoit si estourdi 	842
1000	quil ne se pot releuer. 	quil ne se pouoit remuer 	843
1001	si le conuint remanoir el fu 	si luy conuient demourer au feu/ 	844
1002	et morir en tel maniere. 	et mourir en telle maniere. 	845
1003	Lors vienent auant cil 	Lors uiennent ceulx 	846
1004	qui le camp gardent 	qui gardoient le champ 	847
1005	et dient a lancelot. 	et dient a lancelot 	848
1006	quil en a asses fait. 	quil en a asses fait 	849
1007	si li rendent la damoisele saine et salue. 	si luy rendent la damoiselle saine et haictiee 	850
1008	Et il la fait uestir: 	et il a fait uestir 	851
1009	puis li demande 	puis luy demande 	852
1010|1011	que eler veult |que il face plus. 	que elle ueult plus. 	853
1012|1013	Sire |ce dist la damoisele 	Sire fait elle ie uueil 	854
1014|1015	ie Voel |que vous me metes a saluete en mon castel. 	que uous me mettes a sauuete en mon chastel/ 	855
1016	Et il dist 	et il dist 	856
1017|1018	que chou fera il moult volentiers. |puis le conduit au castel 	que si fera il uoulentiers sy la cenduit au chastel 	857
1019	ou elle voloit aler. 	ou elle uoulloit aller. 	858
1020	et la ou elle lauoit autre sois garde maint ior. 	et ou elle lauoit garde maint iour 	859
1021	Et li castiaus auoit non Galafort 	et auoit nen gallasfort/ 	860
1022	et seoit sor vne petite riuiere. 		
1023	et estoit moult bien assis de toutes choses. 		
1024	Et estoit fors a merueilles. 		
1025	Et quant lancelot vint 	Et quant lancelot uint 	861
1026	la il ne fait mie a demander 	la il ne feist mie a demander 	862
1027	Se on li fist grant ioie 	se on luy fist grant chere. 	863
1028	quar cil del castel sorent ia bien 	Car ceulx du chastel sauoient ia bien 	864
1029	comment lor dame estoit deliuree par. j. cheualier 	comment leur dame estoit del iuree par ung cheualier 	865
1030	qui aueques li venoit. 	qui auec elle uenoit 	866
1031|1032	Et il firent a lui si grant ioie |comme se chou fust diex meismes. 	sy le recheurent eomment sil eust este dieu 	867
1033	et sagenoillent par deuant luj par la ou il uenoit. 	et se agenoullerent deuant luy 	868
1034	et crioient 	et crioient tous a une uois. 	869
1035	Is iet al tuit a vne vois. Sire sour tous chiaus del monde soies vous li bien uenus 	Sire sur tous ceulx du mende uous soyes le bien uenu 	870
1036	qui nostre grant doel aues torne a ioie tel feste 	quy nostre grant deul aues tourne en ioye. 	871
1037	et a tel ioie ont laiens receu lancelot. 	A telle feste ont leans lancelot receu.	872
1038	Et quant il ot la dame PA descendu deuant son maistre palais 	Et quant il eust cenuoiee la damoyselle iusques deuant son maistre pallais/ 	873
1039|1040	si sen volt aler |quar il nestoit mie plus de tierce. 	si sen ueult lancelot aller 	874
1041	mais elle le prist au frain 	mes elle le print au fraing 	875
		et le fist demourer a forche/ 	876
1042	et li dist par sainte crois sire cheualiers vous ne mescaperes mie ensi. 	et luy dist. |Tresdoulx cheualier uous ne me eschapperes pas ainsy. 	877|878
1043	Si llele fist descendre et desarmer 	Lors commande |quil soit desarme. 	879|880
1044	et tantost comme il fu desarmes le connut elle 	Et uarletz saillent |pour faire son commandement 	881|882
1045	et le corut acoler et baisier le volt elle 	et tantost quil eust son heaulme oste |si le cengneust bien 	883|884
1046	mais il guenchist. 	si luy sault les bras tenduz |et le uouloit baisier en la bouche 	885|886
1047	Et elle li baise le col et la face et le menton 	quant il se destourna |et elle luy baise le col/ 	887|888
1048|1049	et pleure de pitie. |Et dist. 	et puys pleure de pitie 	889
1050|1051	Ha : |gentiex cheualiers. 	et dist/ Gentil cheualier 	890
1052	tant vous auoie desire a ueoir 	tant ie uous auoye desire a uoir auant 	891
1053	aincois que iou morusse. 	que ie mourusse/ 	892
1054	Mais comment laues vous puis fait 	et comment uenistes ceste part/ 	893
1055|1056	et comment uenistes vous ceste part. |Et il li dist. 	car auant hyer uous en partistes. 	894
1057|1058	bien dieu merci. |et vne ocoison mi amena. 	Par ma foy fait il ung cheualier a unes armes uermeilles 	895
1059|1060	Si dist |comment vns cheualiers a vnes armes uermeilles lauoit apele de traison en la cort le roy artu 	ma appelle de traison en la court du roy artus. 	896
1061	pour la mort melyagant. 	pour la mort de melleag. 	897
1062	si men conuient a desfendre en la cort le roy baudemagu. 	si men conuient a deffendre en la court du roy bademagus/ 	898
1063	ha y fait elle iou sai bien 	Haa fait elle ie scay bien 	899
1064	qui il est Cest argondrass li rous. 	qui il est cest argorindes le roux/ 	900
1065	Et li cheualiers 	et le cheualier 	901
1066|1067	que vous aues ochis |et ars estoit ses freres. 	que uous aues occy et ars estoit son frere/ 	902
1068|1069	si ne sai |que vous puissies faire. 	si ne scay que puissies faire/ 	903
1070	Car se mes peres set vraiement 	car se mon pere scait 	904
1071|1072	que vous aues melyagant ocis. |Iou criem 	que uous aies occis melleagant ie crains 	905
1073	quil ne vous face ocirre. 	quil ne uous fache occire. 	906
1074|1075	pour le grant doel |quil en aura. 	comment fait lancelot. 	907
1076	Comment fait lancelot ne le set il mie encore. 	ne scait il pas encore |qui se a fait. 	908|909
1077	Si mait diex fait elle nenil. 	se maist dieux nennil fait elle 	910
1078	Si est melygant amenez er cest pais. XV. iors a passes. 	Si est melleagant apporte en ce pays .xu. iours a passes/ 	911
1079	si gist el castel des. iiij. pierres. 	et est au chastel des quatre pierres. 	912
1080	Et le gardent illueques si celeement 	Et le gardent illec si celleement 	913
1081	que li roys nen set encore noient. 	que se roy nen scait encores riens: 	914
1082	Si vous en conuendra esploitier au plus tost que vous porres. 	mes dictes moy 	915
1083	Mais a quant est li iors. 	a quant est le iour 	916
1084	que vous en baes a desfendre. 	que uous uous deuez deffendre. 	917
1085	Et il dist 	Et il dit 	918
1086	que chou est le ior de la magdalaine. 	que cest au iour de la magdalaine. 	919
1087	Or vous en consaut diex fait elle. 	Or uous conseille dieu fait elle: 	920
1088	quar iou ai grant doute 	car iay grant paour 	921
1089|1090	que argondras ne vous face anui ou traison |De chou fait il naies ia garde 	que agarindes ne uous face auoir 	922
1091	mais tout son pooir en face 	quel que trayson. 	923
1092|1093	quar iou nen aurai ia paour . |lele nuit fu lancelot moult a aise 	De ce fait il naiez ia paour. Assez parlent celle nuit de plusieurs choses 	924
1094	et moult firent cil del chastel ioie de lui et de lor dame. 	et menlt firent ceulx du chasteau grant feste de lui et de leur dame 	925
1095	que il quidoient auoir perdue. 	quilz cuidoient auoir perdue. 	926
1096|1097	Et au matin si tost com li iors apparut |se leua lancelot et sarma 	Et au matin si tost comment le iour apparut se leua lancelot 	927
1098	et prist congie a la damoisele. 	et print congie de la damoiselle. 	928
1099	et elle le commande a dilelu 	Et elle le commanda a dieu 	929
1100	et li pria 	et lui pria 	930
1101	quil reuenist par li au repairier. 	quil reuenist par elle au repairier. 	931
1102	Et il li dist 	Et il dit 	932
1103|1104	que si feroit il |se il pooit. 	que si feroit il sil pouoit. 	933
1105	si se met en son chemin 	Il se met en son chemin 	934
1106|1107	et esra toute iour iusques au soir. |Et lors aproche dune riuiere 	et erre iusques au soir. 	935
1108|1109	que on apeloit agloride. |si en estoit laigue moult parfonde. 	Lors approuche de une riuiere 	936
1110|1111	et moult noire, |Quant lancelos vint pres de laiglule 	que len appelloit aglondes/ si uoit trois paueillons tendus pres de la riuiere. 	937
1112|1113	si y uit. iij. paueillons tendus. |dont li vns estoit blans. 	si en estoit ung grant et blanc 	938
1114	et li autre doi moien estoient de autre color. 	et les autres deux estoient noirs. 	939
1115	Et lors issi del pauellon vns cheualiers tous armes. 	Et lors issist dun paueillen ung cheualier tout arme 	940
1116	qui li a dit 	qui lui dist 	941
1117	que bien soit il uenus 	que bien soit il uenu. 	942
1118	Et il li rent son salu. 	Et il lui rent son salut. 	943
1119	Biau sire ce dist li cheualiers del paueillon vous me sambles vns cheualiers errans. 	Beau sire uous semblez cheualier errant: 	944
1120	et iaim tous chiaus 	et iayme tous ceulx 	945
1121	qui en tel maniere usent lor vie. 	qui en telle maniere usent leur uie: 	946
1122	Car iou meismes sui cheualiers errans. 	car moy mesmes suis cheualier errant. 	947
1123|1124	et pour chou vous voeil iou proier |que vous vous herbergies hui mais auec moi. 	Et pour ce quil est temps de se hebergier uous censeille ie 	948
1125	Car se vous vous partes de ci 	que uous demour⟦e⟧z/ 	949
1126	vous ne trouueres hui 	et uous aurez hostel tout a uostre uoulente. 	950
1127|1128	mais se fores non saluages. |si que vous y porrois bien foruoier. 	Beau sire fait lancelot ie demoureray 	951
1129	Et il est pres del uespre 	puis quil uous plaist. 	952
1130	si vous lo que vous remaignies 	et que uous dictes 	953
1131|1132	et vous el aurois ostel tout a uostre uolente. |iau sire fait lancelot 	que uous estes cheualier errant. 	954
1133	puis que il vous plaist iou remandrai. 		
1134|1135	Lors descentas Dde son cheual |Et uallet saillent des autres paueillons. 	Lors descent de son cheual/ et uarletz saillent des autres paueillens 	955
1136	si le desarment demaintenant. 	si le desarment 	956
1137	puis li aportent vn mantel de samit por affubler. 	et lui apportent ung manteau de samit |pour affubler pour le chault 	957|958
		qui grant estoit. 	959
1138	et lors sen uont el grant paueillon entre lui et le cheualier. 	Si le mainent au grant paueillon. |lui et le cheualier sentreacointerent 	960|961
1139	et cil li demande 	et demanda lun a lautre |dont ilz estoient: 	962|963
1140	ou il aloit. 	et quelle auanture le menoit si seul. |Et il lui compte de son estre une partie 	964|965
1141	Et lancelot li dist 	et lautre lui en celle: |et toutesfois dit il 	966|967
1142|1143	quil volroit estre a la cort le roy baudemagu |pour combatre a. j. cheualier 	que en la court du roy bademagus uouldroit il estre pour ung cheualier 	968
1144	qui lauait apele de traison. 	qui lauoit appelle de trayson. 	969
1145|1146	Et en chou quil a parloient |ensi orent li escuier mises lez tables. 	Et ainsi qu ilz parloient len mist les tables. 	970
1147	si vont lauer 	ilz lauent leurs mains 	971
1148	si sassistrent li cheualier au mangier 	et puis se assient le cheualier et lancelot: 	972
1149|1150	Et vne damoisele |qui moult estoit bele 	et une damoiselle moult belle/ 	973
1151	qui estoit amie au cheualier de laiens. 	laquelle estoit amie au cheualier de leans. 	974
1152	si mangerent tout. iij. ensamble 	Si mengerent tous trois ensemble: 	975
1153|1154	mais moult regarde la damoisele lancelot. |et ne se puet de lui regarder saouler. 	mais celle qui lancelot regarde laisse le boire et le mengier pour la grant beaute 	976
1155|1156	Si ne prisa onques mais la biaute domme vers la soie. |Si le regarde si ententieument 	que elle uoit en lui/ si 	977
1157	que tout en laisse le boire et le mangier. 		
1158	si que a autre chose nentent. 	que a autre chose ne entent. 	978
1159|1160	fors ca lui remirer. |Si ont li escuier oste le premier mes. 	si ont les escuiers oste le premier 	979
1161	mais onques la damoisele nen gousta. 	mes que encques la damoiselle nen tasta 	980
1162	Ains pensa toutes voies a la grant biaute lancelot. 	ains pensa a lancelot: 	981
1163|1164	Et en celui pense |li descendoit au cuer vne si grant amor : 	et en celle pensee lui descendoit une telle amour au cueur 	982
1165	que elle ama lancelot outre chou 	que elle ayma lancelot oultre 	983
1166	que femme nama onkes si homme. 	que femme ne ayma oncques homme. 	984
1167	Si li est auis 	Si lui est auiz 	985
1168|1169	que sil lamoit |que elle seroit bone euree. 	que sil laymoit quelle seroit trop eureuse. 	986
1170	Mais chi endroit nen parole plus li contes. 	Mais cy endroit plus nen parle le compte 	987
1171	mais cha auant vous deuisera 	car cy aprez le uous deuisera 	988
1172	comment elle lama merueilleusement. 	et comment elle layma merueilleusement. 	989
1173	Et comment elle li pria. 	et comment elle mourut 	990
1174	et la meruelle 	pource quil la refusa 	991
1175|1176	que sez amis en fist. |quant il sot 	Comment lancelot rescouist le frere du cheualier 	992
1177	que elle lama. 	qui lauoit logie. 	993
1178|1179	Et comment elle morut por chou |quil le refusa, 	Et comment il se deffendist centre argondes. 	994
1180	out ce vous trespassera li contes 		
1181|1182	chi endroit pour deuiser vne autre auenture|qui lor auint el pauellon 	et puis alla a la douloureuse tour faire enterrer le corps de galle 	995
1183	ensi com vous orres. 	.iiii.xx.xu. 	996
1184|1185	ANsi entendi la damoisele a regarder lancelot |que onques ne manga 	LE compte dit 	997
1186|1187	Et tant que on dut seruir du secont mes : |Et quant il orent le secont 	que quant ilz eurent eu le second mes uecy ung cheualier arme de armes uermeilles courant par deuant le paueillon a grant compaignie de cheualiers 	998
1188	mes es vous. j. cheualier arme dunes armes uermeilles 		
1189	qui vint corant par deuant le paueillon 	et il entra au paueillon 	999
1190	et vit el paueillon. j. escuier 	et uist ung escuier 	1000
1191	qui seruoit a la table 	qui seruoit a la table 	1001
1192	qui estoit freres au cheualier de laiens. 	qui estoit frere au cheualier de leans. 	1002
1193|1194	Et il cort mainte nant |si le prent par les espaulles 	Il le prent par les espaulles 	1003
1195|1196	et le met par deuant lui sor le col de son cheual. |si sen torne a tout. 	et le met deuant lui es arcons de sa selle si sen ua atout. 	1004
1197	Et quant li cheualiers del paueillon vit chou 	Et quant celui du paueillon uoit ce 	1005
1198	si crie a lancelot. 	si crie a lancelot. 	1006
1199	Sire iou sui mors sil emporte ensi mon frere. 	Haa sire ie suis mort |se celui emporte mon frere/ 	1007|1008
1200	quar il locirra sil nest secorus 	car il loccira sil nest secouru 	1009
1201	Si vous pri pour dieu 	Si uous prie pour dieu 	1010
1202	que vous metes paine en lui rescorre. 	que uous mettez paine a le secourir 	1011
1203	Lors saut maintenant lancelot doutre la table. 	Et lancelot sault hors de la table 	1012
1204	si demande ses armes 	et demande ses armes, 	1013
1205	Et vns escuiers vint a lui. 	et ung escuier uint a lui 	1014
1206	si li dist 	et lui dist. 	1015
1207|1208	Par foy sire vos armes et vostre cheual enmainent il |voire fait il : 	Par ma foy sire uoz armes emportent il. 	1016
1209	par mon chief por chou ne remandra il mie 	Par mon chief |pour ce ne ne demourra il pas 	1017|1018
1210	que ams iou ne lez sieue. 	que ie ne le suiue. 	1019
1211	Et lors sen ist hors del paueillon. 	Et lors sault hors du paueillen 	1020
1212	et li cheualiers aueques lui. 	et le cheualier auec lui 	1021
1213	et il regarde chiaus 	Ilz regardent ceulx 	1022
1214	qui sen vont 	qui sen uont 	1023
1215	qui auoient passe laigue par. j. pont de fust. 	qui auoient ia passe leaue par ung pont de fust. 	1024
1216	Et lancelot demande au cheualier sil remandra 	Lancelot demande au cheualier sil demourra. 	1025
1217	Sire fait il nenil 	Sire fait il nenny 	1026
1218	ains vous tendrai compaignie 	ains uous feray compaignie 	1027
1219	tant que vous aies troue 	tant que uous aiez trouue 	1028
1220	qui armes vous volsist baillier. 	qui armes uous baillera. 	1029
1221	Lors acoillent lor chemin droit au pont 	Lois uiennent au pent tout a pie 	1030
1222	et passent outre. 	et passent oultre 	1031
1223	Et sadrecent a vn tertre par ou li cheualier vont. 	et se adrecent a ung terte par ou les cheualiers uont. 	1032
1224	Si nont gaires ale quant il ont encontre. j. cheualier a vnes armes noires 	Si ne ont gaires alle |quant ilz encontrent ung cheualier arme dunes armes noires 	1033|1034
1225	qui venoit au pont par. j. Chemin de trauers. 		
1226	Et quant il vit lancelot si sarreste por chou 	Quant il uist lancelot |il se arresta 	1035|1036
1227	quil le connut bien.	pource qu il le congnoissoit bien 	1037
1228	Si li demande 	et lui demanda 	1038
1229	ou il aloit ensi tout a pie et desarmes. 	ou il alloit ainsi a pie tout desarme. 	1039
1230|1231	Qui estes vous fait lancelot |qui me demandes ou ie vois. 	Quest ce fait lancelot demandez uous ou ie uois. 	1040
1232	Iou sui fait il vns cheualiers destrange pais 	Oy sire si suis ung cheualier destrange pais 	1041
1233|1234	qui moult mesmerueil de chou |que iou vous voi ensi aler. 	qui moult me merueille de uous uoir aller ainsi. 	1042
1235	Et lancelot li conte 	Et lancelot lui compte 	1043
1236	comment il estoit herbergies. 	comment il estoit hebergie: |et comment ung cheualier uint 	1044|1045
		la ou il mengoit 	1046
		qui print a force ung uarlet 	1047
1237	et comment li valles fu pris et sez armes et ses cheuals emportees. 	et le mist sur le col de son cheual. |Et encores y a il plus fait lancelot 	1048|1049
		car ceulx 	1050
		qui auec luy sont emportent mes armes 	1051
		et emmainent mon cheual/ 	1052
1238	Quel guerredon fait cil porroie iou de vous atendre : 	quel guerdon fait celuy pouroie ie auoir de uous 	1053
1239|1240	se ie por vous me desarmoie |et vous bailloie mes armes et mon cheual. 	se ie me desarmoye et uous bailloie mes armes et mon cheual/ 	1054
1241	Certes fait lancelot 	certes fait lancelot: 	1055
1242	tel comme vous deuiseres. 	tel comme uous deuiseres/ 	1056
1243	Se vous fait cil el premier lieu 	se fait il au premier lieu 	1057
1244	ou iou vous trouerai arme me creantissies a baillier vos armes 	ou ie uous trouueray arme me promettes a bailler uos armes ie uous bailleray les miennes |Certes fait lancelot 	1058|1059
1245	Iou vous bailleroie lez moies 	si feray ie pourtant 	1060
1246|1247	Certes fait lancelot volentiers par ensi que vous ne me truisies combatant. |Et cil descent maintenant 	que uous ne me trouues combatant/ et celuy deschent maintenant 	1061
1248|1249	si se desarme |et baille a lancelot tout son harnois. 	sy se desarme et baille tout son harnois a lancelot 	1062
1250	Et il sen appareille tout maintenant 	et il sen appareille 	1063
1251|1252	et monte sor le cheual |et dist a son oste 	et mente sus le cheual 	1064
1253	quil sen retort quar iou connistera bien lez armes a celui 		
1254	qui iou vois querant. 		
1255	Etr cil dist 		
1256|1257	que dont sen retornera il |puis quil le veult. 	et fait retourner son hoste 	1065
1258	Si sen retorne atant 		
1259|1260	et enmaine aueques lui le cheualier |qui moult est lies 	et prent congie de luy. 	1066
1261	de ce que lancelot! 		
1262|1263	doit. j. guerredon. |Et lancelot si acuelle son chemin 	lancelot print son chemin apres ceulx 	1067
1264|1265	por aler apres chiaus quil sieut. |Tant quil est uenus el tertre en haut. 	qui sen uont tant quil est uenu eu tertre en hault/ 	1068
1266	Et lors uoit deuant lui la forest dez. iij. perieus:. 	et lors uoit deuant luy la forest des trois perilz 	1069
1267	Et chou porcoi elle est ensi apelee deuisera bien li contes cha auant. 	et ce pour quoy elle est ainsy appellee deuisera bien le compte cy en auant. 	1070
1268|1269	Quant lancelot fu amont el tertre |si regarda deuant lui 	QUant il fust amonlt eu tertre 	1071
1270|1271	mais il ni uit nul de ceaus |que il queroit 	si regarde deuant luy 	1072
1272|1273	quar il sestoient ia feru en la forest. |Et toutes voies sieut il lez esclos dez cheuaus 	et suyst les pas des cheuaulx 	1073
1274	tant quil est uenus a lentree de la ; forest. 	tant quil uint a lentree de la forest/ 	1074
1275	Et lors encontra vne damoisele toute kenue 	et lors encentra une damoiselle toute chanue 	1075
1276	qui cheualchoit moult noblement. 	qui cheuauchoit menlt coinctement toute descheuelee/ ses tresches entre ses espaulles 	1076
1277	et auoit sez treches toutes desloies par sez espaulles comme pucele. 	comment une pucelle 	1077
1278|1279	Et auoit en son chief chapel de roses |quar ce estoit entor la saint iehan : 	et auoit sur son chief ung chapiau de roses/ 	1078
1280|1281	Il le salue maintenant |quil la uit. 	il la sallue 	1079
1282|1283	Et elle dist |que diex li donnast boine auenture. 	et elle luy dist que bonne aduanture luy dennast dieu damoiselle 	1080
1284	Damsolisele fait sil me sauries vous enseignier 		
1285|1286	quel part vns cheualiers sen uait |qui porte vnes armes uermeilles. 	fait il aues uous point ueu passer par cy ung cheualier a unes armes uermeilles. 	1081
1287	Enon dieu fait elle iou le vous enseigneroie bien 	Eu nom dieu fait elle 	1082
1288|1289	se iou voloie. |Dites le moi fait il par tel couuent 	se ie uoulloie ie uous lenseigneroie bien dictes le moy fait il par tel conuenant 	1083
1290	que iou soie vos cheualiers el premier lieu ou vous me requerres. 	que ie soie uostre cheualier au premier lieu |que uous me requerres/ 	1084|1085
1291	Se vous me creantes fait elle 	se uous me promettes 	1086
1292|1293	que vous me sieurres el premier lieu |ou iou vous en semondrai. 	que au pre/ mier lieu ou ie uous requesray uous me aideres ie uous lenseigneray/ 	1087
1294	iou le vous enseignerai. 		
1295|1296	Et il li creante maintenant : |dont il fu puis corocies 	et il luy promet/ denc depuys sen repentist/ 	1088
1297|1298	et moult se repenti tele heure fu. |Ore ales fait elle tout chest chemin 	Or alles fait elle tout ce chemyn en trauers de la forest sans tourner de nulle part. 	1089
1299	si li moustre. j. sentier estroit 		
1300	qui aloit dentrauers la forest. 		
1301	si ne tornes nulle part. 		
1302|1303	Et quant vous aures erre demie lieue. |si troueres. iiij. pauellons sor. j. uiuier tendus. 	Quant uous aures cheuauche enuiron demye lieue si uerres de les une riuiere trois pauillons 	1090
1304	et la dedens troueres le cheualier 	la dedens trouueres le cheualier 	1091
1305	que vous queres 	que uous demandes 	1092
1306|1307	que on apele atramant le gros. |si le connistres a ces enseignes 	et len lappelle arrement le gras et le cengnoistres a telles enseignes 	1093
1308|1309	quil a en mi le front. ij. plaies. |Or vous en poes aler fait elle 	quil ha deux playes au frent/ or uous en poues aller 	1094
1310	mais que vous me dites vostre non. 	mes que mayes dist uostre nen/ 	1095
1311	Et il se nomme moult a enuis. 	et il se nomme monlt enuiz 	1096
1312|1313	mais toutes voies li dist il |quil a a non lancelot del lac. 	et dist quil a a nen lancelot du lac. 	1097
1314	A tant sen uait lancelot tout le chemin 	A tant sen ua lancelot tout le chemyn 	1098
1315|1316	que elle li ot enseignie. |si grant aleure 	quelle luy a enseigne/ 	1099
1317|1318	comme il puet del cheual traire. |tant quil ataint lez cheualiers as quil sieuoit. 	tant quil attaint le cheualiee 	1100
1319	si lor escrie si haut 	si luy escrie si hault 	1101
1320	que tout le porent bien oir. 		
1321|1322	Et maintenant li vint a lencontre li vns daus a cheual lescu au col la lance el poing |et fu bien armes de toutes armes. 	que bien le peult ouir maintenant luy uient a lencontre lun de lautre lescu au col la lance au poing armes de toutes pieces/ 	1102
1323	Et lancelot le fiert si durement. 	et lancelot le fiert si durement 	1103
1324	que por le hauberc ne remaint il mie 		
1325|1326	quil ne li mete parmi le cors le fer del glaiue. |si lempaint bien comme cil 	quil luy met le fer du glaiue parmy le coprs 	1104
1327	qui ot asses cuer et force. 		
1328|1329	si le porte del cheual a terre. |puis traist son glaiue a soi. 	si le porte a terre/ 	1105
1330	si en reuoit vn autre venir tout apreste de iouster. 	et uoit ung aultre uenir tout prest de iouster 	1106
1331	et il li torne le cheual. 	et il ne le reffuse pas/ et celuy 	1107
1332	et cil qui uenoit acorant li donne tel cop sor son escu 	qui uient accourant luy donne tel coup sur son escu 	1108
1333	que sa lance vole em pieces. 	que sa lance uolle en pieces. 	1109
1334	Et il aporte la soie j. poi plus bas 	et lancelot porte la sienne ung pou plus bas |si la actaint 	1110|1111
1335	si le fiert si durement 	et le fiert si durement 	1112
1336	que lez mailles del hauberc ne porent soffrir le cop. 	que les mailles du haubers ne peurent le coup souffrir 	1113
1337|1338	que li glaiues ne li voist parmi le cors. |si quil pert de lautre part. 	que le glaiue ne lui uoit parmi le corps 	1114
1339|1340	Et il lempaint si durement |quil porte lui et le cheual a terre tout en. j. mont. 	si quil porte luy et le cheual a terre. 	1115
1341	Lors dient cil 	Et lors dient ceulx 	1116
1342	qui deuant sen uont 	qui deuant sen alloient 	1117
1343	que bien iouste li cheualiers 	que monlt iouste bien le cheualier. 	1118
1344|1345	qui. ij . de lor compaignons a abatus. |Et lancelot laisse corre a aus tous quencore estoient. xij. 	Quant lancelot eust rompu sa lance 	1119
1346	Si trait lespee 	il mest la maina lespee 	1120
1347	quar ses glaiues iert brisies au cheualier 	et lesse courre uers les aultres 	1121
1348	quil auoit daarrainement abatu. 	qui estoient uingt. 	1122
1349	Si lor detrence escus et lor pechoie heaumes. 	si leur despiece escus |et detrenche leurs heaulmes/ 	1123|1124
1350|1351	et derront haubers. |si fait tant par sa proece 	et fist tant par sa proesse 	1125
1352	que tuit cil 	que tous ceulx 	1126
1353	qui Ie voient sen esmerueillent. 	qni le uoient en sont esmerueillies. 	1127
1354	Et la ou il voit le cheualier as armes uermeilles 	Et la ou il uoit le cheualier aux armes uermeilles 	1128
1355|1356	si ne le mesconnut mie |ains li adrece le cheual parmi euls tous. 	si luy adreche son cheual parmy tous eulx/ 	1129
1357	et li donne si grant cop parmi le heaume 	et luy donne tel coup sus le heaulme 	1130
1358|1359	quil ne se puet tenir es archons. |ains cai a terre 	quil ne se peult tenir aux archons/ mes uolle a terre 	1131
1360	Et lancelot li uait par desor le cors. 	et lancelot luy ua denner si grant coup sus le col 	1132
1361	tant que tout le debrise. 	tant quil pert sa forche et sa uertu/ 	1133
1362	Lors sont li autre moult esmaie. 	Lors sont les aultres bien esmayes 	1134
1363	quar il quident quil soit mors. 	car il cuident |que leur maistre soit mort. 	1135|1136
1364|1365	Et il estoit lor sires |si se metent en paine de lui uengier. 	Si se mettent en paine de le uenger 	1137
1366	Si corent sus a lancelot 	et courent sus a lancelot/ 	1138
1367	mais il ne le trueuent pas esbahi. 	mes ilz ne le treuuent pas esbahy 	1139
1368	Ains est pres de lui desfendre. 	mes est prest de se deffendre 	1140
1369|1370	si lor abandonne son escu |et lor donne grans cols 	si leur habandonne son escu/ 	1141
1371|1372	la ou il lez puet ataindre. |Ne onques por pooir 	et il ne a censuict cheualier a coup 	1142
1373	que il eussent ne li porent tolir terre. 		
1374	Ains ua sor aus a force et mal gre auls. 		
1375	Et de tant li auint il bien 		
1376|1377	quil nataint cheualier a cop |quil ne li face lespee sentir en car nue. 	quil ne luy face lespee sentir iusques en la char 	1143
1378	ou il le porte del cheual a terre. 	ou quil ne le porte du cheual a terre. 	1144
1379	Si lor arache lez heaumes des testes et se hurte entreuls de cors et de cheual. 	Et les a si bien attournes 	1145
1380|1381	si en a. y. tels atornes |que il gisent a terre. 	quil en y a cinq gisans sur terre 	1146
1382	et nont pooir de euls releuer. 	tellement quilz ne se peuent releuer. 	1147
1383	Et quant li autre uirent chou 	Et quant les aultres uoient 	1148
1384|1385	si lor est auis. |que sil y demoroient plus 	que leurs compaignons sont ainsy traicties 	1149
1386|1387	quil mi porroient durer sans mort. |si senfuient au plus tost 	ilz sen fuyent au plus tost 	1150
1388	quil pueent vers la forest 	quil peuent uers la forest 	1151
1389	la ou il le virent plus espesse. 	la ou il la uirent plus espesse/ 	1152
1390	Et lancelot ne lez porsieut mie. 	et lancelot ne les poursuyuist pas 	1153
1391	ains sen retorne au cheualier 	ains retourne au cheualier 	1154
1392	qui auoit lez armes uermelles. 	qui portoit les armes uermeilles/ 	1155
1393	Car il uaudra sauoir 	car il ueult scauoir 	1156
1394	qui il est. 	qui il est/ 	1157
1395	Et quant il y est uenus si trueue lescuier 	et quant il est uenu il treuue lescuyer 	1158
1396	quil queroit et auoit lez mains loiies derriere son dos. 	quil queroit monte sus ung rouchin les mains liees derriere le dos. 	1159
1397|1398	Et il vint a lui |si li desloie. 	sy uint a lui et le deslie/ 	1160
1399|1400	Quant li escuiers se sent deliures |si sen uient uers lancelot 	et quant il est deliure 	1161
1401|1402	si li chiet as pies |et le mercie moult de dieu de la cortoisie 	si le mercie menlt et lance. 	1162
1403|1404	quil li auoit faite. |Et lancelot descent a pie 	descent a terre 	1163
1405|1406	si li baille son cheual a garder. |puis vint au cheualier 	et luy baille son cheual a garder/ puys sen ua au cheualier 	1164
1407|1408	qui ia sestoit releues en son seant. |et estoit si estordis 	qui ia estoit redrechie en son seant/ si estourdy 	1165
1409	quil ne veoit goute. 	quil ne uoit goutte. 	1166
1410	Et lancelot li errache le heaume de la teste si felenessement 	et lancelot luy arrache le heaulme de la teste si fellennessement 	1167
1411	quil flatist a terre tous pasmes. 	que celui flatist a terre des pausmes et des genoulx 	1168
1412	Et lancelot le redrece 	et lui dit |quil le occira 	1169|1170
1413	et le voit si sanglent 	sil ne se rent |Et celui est si esuanouy 	1171|1172
		qu il ne lui peut respondre mot 	1173
		ains gist tout pasme Lancelot le redrece 	1174
1414	quil quide vraiement 	si le treuue si senglant |que bien cuide 	1175|1176
1415	quil soit mors. 	quil soit mort. 	1177
1416	Lors se repent de chou 	Lors se repent 	1178
1417	que tant de mal li auoit fait. 	de ce que il lui a tant meffait. 	1179
1418	Si sassiet lez lui 	Si se rassiet emprez lui 	1180
1419	pour sauoir 	pour ueoir 	1181
1420	que il fera. 	quil fera. 	1182
1421	Et ia se releuoient. iiij. de chiaus 	et ia se releuoient trois de ceulx 	1183
		qui estoient a terre 	1184
		et lors leur court sus lanceloi 	1185
		et leur dit 	1186
1422	qui auoient este abatu. 	que mors sont |se ilz ne se rendent 	1187|1188
1423	Et lancelot lor cort sus 	Et ceulx |qui ont grant paour 	1189|1190
1424	et dist 	quil ne les occie |lui rendrient leurs espees 	1191|1192
1425	que tout y morront	en disant |quilz sont prestz de faire sa uoulente.	1193|1194
